{"v":"5.1.20","fr":25,"ip":0,"op":76,"w":200,"h":200,"nm":"cloud1_100","ddd":0,"assets":[],"layers":[{"ddd":0,"ind":1,"ty":3,"nm":"Null 2","sr":1,"ks":{"o":{"a":0,"k":0,"ix":11},"r":{"a":0,"k":0,"ix":10},"p":{"a":0,"k":[100,100,0],"ix":2},"a":{"a":0,"k":[0,0,0],"ix":1},"s":{"a":0,"k":[24,24,100],"ix":6}},"ao":0,"ip":0,"op":77,"st":0,"bm":0},{"ddd":0,"ind":2,"ty":4,"nm":"Shape Layer 3","parent":1,"sr":1,"ks":{"o":{"a":0,"k":100,"ix":11},"r":{"a":0,"k":0,"ix":10},"p":{"a":0,"k":[0,0,0],"ix":2},"a":{"a":0,"k":[0,0,0],"ix":1},"s":{"a":0,"k":[100,100,100],"ix":6}},"ao":0,"shapes":[{"ty":"gr","it":[{"ind":0,"ty":"sh","ix":1,"ks":{"a":0,"k":{"i":[[60.388,26.242],[106.239,0],[20.007,-95.39],[1.503,0],[0,-94.174],[-94.175,0],[-2.509,0.11],[0,0],[0,0],[0,94.174]],"o":[[-14.306,-102.297],[-101.337,0],[-1.493,-0.039],[-94.175,0],[0,94.174],[2.537,0],[0,0],[0,0],[94.175,0],[0,-70.043]],"v":[[243.353,-72.971],[34.974,-254],[-170.966,-86.977],[-175.459,-87.036],[-345.978,83.482],[-175.459,254],[-167.893,253.824],[-167.893,254],[175.46,254],[345.978,83.482]],"c":true},"ix":2},"nm":"Path 1","mn":"ADBE Vector Shape - Group","hd":false},{"ty":"tm","s":{"a":1,"k":[{"i":{"x":[0.833],"y":[-1.763]},"o":{"x":[0.167],"y":[0.167]},"n":["0p833_-1p763_0p167_0p167"],"t":18,"s":[0],"e":[2]},{"i":{"x":[0.833],"y":[0.833]},"o":{"x":[0.167],"y":[0.108]},"n":["0p833_0p833_0p167_0p108"],"t":39,"s":[2],"e":[90]},{"t":75}],"ix":1},"e":{"a":1,"k":[{"i":{"x":[0.833],"y":[0.565]},"o":{"x":[0.167],"y":[0.167]},"n":["0p833_0p565_0p167_0p167"],"t":18,"s":[0],"e":[10.8]},{"i":{"x":[0.836],"y":[0.846]},"o":{"x":[0.17],"y":[0.104]},"n":["0p836_0p846_0p17_0p104"],"t":39,"s":[10.8],"e":[90]},{"t":75}],"ix":2},"o":{"a":0,"k":0,"ix":3},"m":1,"ix":2,"nm":"Trim Paths 1","mn":"ADBE Vector Filter - Trim","hd":false},{"ty":"st","c":{"a":0,"k":[0.2901960784313726,0.5647058823529412,0.8862745098039215,1],"ix":3},"o":{"a":0,"k":100,"ix":4},"w":{"a":0,"k":20,"ix":5},"lc":2,"lj":1,"ml":4,"nm":"Stroke 1","mn":"ADBE Vector Graphic - Stroke","hd":false},{"ty":"fl","c":{"a":0,"k":[0.2901960784313726,0.5647058823529412,0.8862745098039215,1],"ix":4},"o":{"a":0,"k":0,"ix":5},"r":1,"nm":"Fill 1","mn":"ADBE Vector Graphic - Fill","hd":false},{"ty":"tr","p":{"a":0,"k":[0,0],"ix":2},"a":{"a":0,"k":[0,0],"ix":1},"s":{"a":0,"k":[100,100],"ix":3},"r":{"a":0,"k":0,"ix":6},"o":{"a":0,"k":100,"ix":7},"sk":{"a":0,"k":0,"ix":4},"sa":{"a":0,"k":0,"ix":5},"nm":"Transform"}],"nm":"Shape 2","np":4,"cix":2,"ix":1,"mn":"ADBE Vector Group","hd":false}],"ip":0,"op":77,"st":0,"bm":0},{"ddd":0,"ind":3,"ty":4,"nm":"Shape Layer 1","parent":1,"sr":1,"ks":{"o":{"a":0,"k":100,"ix":11},"r":{"a":0,"k":0,"ix":10},"p":{"a":0,"k":[0,0,0],"ix":2},"a":{"a":0,"k":[0,0,0],"ix":1},"s":{"a":0,"k":[100,100,100],"ix":6}},"ao":0,"shapes":[{"ty":"gr","it":[{"ind":0,"ty":"sh","ix":1,"ks":{"a":0,"k":{"i":[[60.388,26.242],[106.239,0],[20.007,-95.39],[1.503,0],[0,-94.174],[-94.175,0],[-2.509,0.11],[0,0],[0,0],[0,94.174]],"o":[[-14.306,-102.297],[-101.337,0],[-1.493,-0.039],[-94.175,0],[0,94.174],[2.537,0],[0,0],[0,0],[94.175,0],[0,-70.043]],"v":[[243.353,-72.971],[34.974,-254],[-170.966,-86.977],[-175.459,-87.036],[-345.978,83.482],[-175.459,254],[-167.893,253.824],[-167.893,254],[175.46,254],[345.978,83.482]],"c":true},"ix":2},"nm":"Path 1","mn":"ADBE Vector Shape - Group","hd":false},{"ty":"tm","s":{"a":1,"k":[{"i":{"x":[0.833],"y":[0.442]},"o":{"x":[0.167],"y":[0.167]},"n":["0p833_0p442_0p167_0p167"],"t":6,"s":[0],"e":[14]},{"i":{"x":[0.833],"y":[0.833]},"o":{"x":[0.167],"y":[0.101]},"n":["0p833_0p833_0p167_0p101"],"t":39,"s":[14],"e":[98]},{"t":75}],"ix":1},"e":{"a":1,"k":[{"i":{"x":[0.833],"y":[0.657]},"o":{"x":[0.167],"y":[0.167]},"n":["0p833_0p657_0p167_0p167"],"t":6,"s":[0],"e":[22.8]},{"i":{"x":[0.833],"y":[0.833]},"o":{"x":[0.167],"y":[0.113]},"n":["0p833_0p833_0p167_0p113"],"t":39,"s":[22.8],"e":[98]},{"t":75}],"ix":2},"o":{"a":0,"k":0,"ix":3},"m":1,"ix":2,"nm":"Trim Paths 1","mn":"ADBE Vector Filter - Trim","hd":false},{"ty":"st","c":{"a":0,"k":[0.2901960784313726,0.5647058823529412,0.8862745098039215,1],"ix":3},"o":{"a":0,"k":100,"ix":4},"w":{"a":0,"k":20,"ix":5},"lc":2,"lj":1,"ml":4,"nm":"Stroke 1","mn":"ADBE Vector Graphic - Stroke","hd":false},{"ty":"fl","c":{"a":0,"k":[0.2901960784313726,0.5647058823529412,0.8862745098039215,1],"ix":4},"o":{"a":0,"k":0,"ix":5},"r":1,"nm":"Fill 1","mn":"ADBE Vector Graphic - Fill","hd":false},{"ty":"tr","p":{"a":0,"k":[0,0],"ix":2},"a":{"a":0,"k":[0,0],"ix":1},"s":{"a":0,"k":[100,100],"ix":3},"r":{"a":0,"k":0,"ix":6},"o":{"a":0,"k":100,"ix":7},"sk":{"a":0,"k":0,"ix":4},"sa":{"a":0,"k":0,"ix":5},"nm":"Transform"}],"nm":"Shape 2","np":4,"cix":2,"ix":1,"mn":"ADBE Vector Group","hd":false}],"ip":0,"op":77,"st":0,"bm":0},{"ddd":0,"ind":4,"ty":4,"nm":"Shape Layer 2","parent":1,"sr":1,"ks":{"o":{"a":0,"k":100,"ix":11},"r":{"a":0,"k":0,"ix":10},"p":{"a":0,"k":[0,0,0],"ix":2},"a":{"a":0,"k":[0,0,0],"ix":1},"s":{"a":0,"k":[100,100,100],"ix":6}},"ao":0,"shapes":[{"ty":"gr","it":[{"ind":0,"ty":"sh","ix":1,"ks":{"a":0,"k":{"i":[[60.388,26.242],[106.239,0],[20.007,-95.39],[1.503,0],[0,-94.174],[-94.175,0],[-2.509,0.11],[0,0],[0,0],[0,94.174]],"o":[[-14.306,-102.297],[-101.337,0],[-1.493,-0.039],[-94.175,0],[0,94.174],[2.537,0],[0,0],[0,0],[94.175,0],[0,-70.043]],"v":[[243.353,-72.971],[34.974,-254],[-170.966,-86.977],[-175.459,-87.036],[-345.978,83.482],[-175.459,254],[-167.893,253.824],[-167.893,254],[175.46,254],[345.978,83.482]],"c":true},"ix":2},"nm":"Path 1","mn":"ADBE Vector Shape - Group","hd":false},{"ty":"tm","s":{"a":1,"k":[{"i":{"x":[0.833],"y":[0.657]},"o":{"x":[0.167],"y":[0.167]},"n":["0p833_0p657_0p167_0p167"],"t":0,"s":[0],"e":[25.8]},{"i":{"x":[0.833],"y":[0.833]},"o":{"x":[0.167],"y":[0.104]},"n":["0p833_0p833_0p167_0p104"],"t":39,"s":[25.8],"e":[98]},{"t":72}],"ix":1},"e":{"a":1,"k":[{"i":{"x":[0.833],"y":[0.886]},"o":{"x":[0.167],"y":[0.167]},"n":["0p833_0p886_0p167_0p167"],"t":0,"s":[0],"e":[77.8]},{"i":{"x":[0.833],"y":[0.833]},"o":{"x":[0.167],"y":[0.371]},"n":["0p833_0p833_0p167_0p371"],"t":39,"s":[77.8],"e":[98]},{"t":72}],"ix":2},"o":{"a":0,"k":0,"ix":3},"m":1,"ix":2,"nm":"Trim Paths 1","mn":"ADBE Vector Filter - Trim","hd":false},{"ty":"st","c":{"a":0,"k":[0.32941176470588235,0.2901960784313726,0.8862745098039215,1],"ix":3},"o":{"a":0,"k":100,"ix":4},"w":{"a":0,"k":20,"ix":5},"lc":2,"lj":1,"ml":4,"nm":"Stroke 1","mn":"ADBE Vector Graphic - Stroke","hd":false},{"ty":"fl","c":{"a":0,"k":[0.3058823529411765,0.2901960784313726,0.8862745098039215,1],"ix":4},"o":{"a":0,"k":0,"ix":5},"r":1,"nm":"Fill 1","mn":"ADBE Vector Graphic - Fill","hd":false},{"ty":"tr","p":{"a":0,"k":[0,0],"ix":2},"a":{"a":0,"k":[0,0],"ix":1},"s":{"a":0,"k":[100,100],"ix":3},"r":{"a":0,"k":0,"ix":6},"o":{"a":0,"k":100,"ix":7},"sk":{"a":0,"k":0,"ix":4},"sa":{"a":0,"k":0,"ix":5},"nm":"Transform"}],"nm":"Shape 2","np":4,"cix":2,"ix":1,"mn":"ADBE Vector Group","hd":false}],"ip":0,"op":77,"st":0,"bm":0}],"markers":[]}