{"nm":"Link","ddd":0,"h":400,"w":400,"meta":{"g":"@lottiefiles/toolkit-js 0.26.1"},"layers":[{"ty":4,"nm":".break","sr":1,"st":0,"op":90,"ip":0,"hd":false,"cl":"break","ddd":0,"bm":0,"hasMask":false,"ao":0,"ks":{"a":{"a":0,"k":[0,0,0],"ix":1},"s":{"a":0,"k":[100,100,100],"ix":6},"sk":{"a":0,"k":0},"p":{"a":0,"k":[0,0,0],"ix":2},"r":{"a":0,"k":0,"ix":10},"sa":{"a":0,"k":0},"o":{"a":0,"k":100,"ix":11}},"ef":[],"shapes":[{"ty":"gr","bm":0,"hd":false,"mn":"ADBE Vector Group","nm":"Forme 2","ix":1,"cix":2,"np":3,"it":[{"ty":"sh","bm":0,"hd":false,"mn":"ADBE Vector Shape - Group","nm":"Tracé 1","ix":1,"d":1,"ks":{"a":0,"k":{"c":false,"i":[[0,0],[0,0]],"o":[[0,0],[0,0]],"v":[[70.507,-29.503],[123.5,-71.997]]},"ix":2}},{"ty":"sh","bm":0,"hd":false,"mn":"ADBE Vector Shape - Group","nm":"Tracé 2","ix":2,"d":1,"ks":{"a":0,"k":{"c":false,"i":[[0,0],[0,0]],"o":[[0,0],[0,0]],"v":[[78.5,0],[157,0]]},"ix":2}},{"ty":"sh","bm":0,"hd":false,"mn":"ADBE Vector Shape - Group","nm":"Tracé 3","ix":3,"d":1,"ks":{"a":0,"k":{"c":false,"i":[[0,0],[0,0]],"o":[[0,0],[0,0]],"v":[[70.507,31],[123.5,73.5]]},"ix":2}},{"ty":"tr","a":{"a":0,"k":[0,0],"ix":1},"s":{"a":0,"k":[100,100],"ix":3},"sk":{"a":0,"k":0,"ix":4},"p":{"a":0,"k":[0,0],"ix":2},"r":{"a":0,"k":180,"ix":6},"sa":{"a":0,"k":0,"ix":5},"o":{"a":0,"k":100,"ix":7}}]},{"ty":"gr","bm":0,"hd":false,"mn":"ADBE Vector Group","nm":"Forme 1","ix":2,"cix":2,"np":3,"it":[{"ty":"sh","bm":0,"hd":false,"mn":"ADBE Vector Shape - Group","nm":"Tracé 1","ix":1,"d":1,"ks":{"a":0,"k":{"c":false,"i":[[0,0],[0,0]],"o":[[0,0],[0,0]],"v":[[70.507,-29.503],[123.5,-71.997]]},"ix":2}},{"ty":"sh","bm":0,"hd":false,"mn":"ADBE Vector Shape - Group","nm":"Tracé 2","ix":2,"d":1,"ks":{"a":0,"k":{"c":false,"i":[[0,0],[0,0]],"o":[[0,0],[0,0]],"v":[[78.5,0],[157,0]]},"ix":2}},{"ty":"sh","bm":0,"hd":false,"mn":"ADBE Vector Shape - Group","nm":"Tracé 3","ix":3,"d":1,"ks":{"a":0,"k":{"c":false,"i":[[0,0],[0,0]],"o":[[0,0],[0,0]],"v":[[70.507,31],[123.5,73.5]]},"ix":2}},{"ty":"tr","a":{"a":0,"k":[0,0],"ix":1},"s":{"a":0,"k":[100,100],"ix":3},"sk":{"a":0,"k":0,"ix":4},"p":{"a":0,"k":[0,0],"ix":2},"r":{"a":0,"k":0,"ix":6},"sa":{"a":0,"k":0,"ix":5},"o":{"a":0,"k":100,"ix":7}}]},{"ty":"st","bm":0,"hd":false,"mn":"ADBE Vector Graphic - Stroke","nm":"Contour 1","lc":2,"lj":1,"ml":4,"o":{"a":0,"k":100,"ix":4},"w":{"a":1,"k":[{"o":{"x":0.333,"y":0},"i":{"x":0.667,"y":1},"s":[0],"t":13},{"o":{"x":0.333,"y":0},"i":{"x":0.667,"y":1},"s":[15],"t":18},{"o":{"x":0.333,"y":0},"i":{"x":0.667,"y":1},"s":[15],"t":30},{"s":[0],"t":38}],"ix":5},"c":{"a":0,"k":[0,1,0.6118],"ix":3}},{"ty":"tm","bm":0,"hd":false,"mn":"ADBE Vector Filter - Trim","nm":"Réduire les tracés 1","ix":4,"e":{"a":1,"k":[{"o":{"x":0,"y":0},"i":{"x":0,"y":1},"s":[0],"t":13},{"s":[100],"t":40}],"ix":2},"o":{"a":0,"k":0,"ix":3},"s":{"a":1,"k":[{"o":{"x":0,"y":0},"i":{"x":0,"y":1},"s":[0],"t":16},{"s":[100],"t":40}],"ix":1},"m":1}],"ind":1,"parent":2},{"ty":4,"nm":".chain","sr":1,"st":0,"op":90,"ip":0,"hd":false,"cl":"chain","ddd":0,"bm":0,"hasMask":false,"ao":0,"ks":{"a":{"a":0,"k":[0,0,0],"ix":1},"s":{"a":0,"k":[100,100,100],"ix":6},"sk":{"a":0,"k":0},"p":{"a":0,"k":[200,200,0],"ix":2},"r":{"a":0,"k":45,"ix":10},"sa":{"a":0,"k":0},"o":{"a":0,"k":100,"ix":11}},"ef":[],"shapes":[{"ty":"gr","bm":0,"cl":"chain-top","hd":false,"mn":"ADBE Vector Group","nm":".chain-top","ix":1,"cix":2,"np":2,"it":[{"ty":"sh","bm":0,"hd":false,"mn":"ADBE Vector Shape - Group","nm":"Tracé 1","ix":1,"d":1,"ks":{"a":0,"k":{"c":false,"i":[[0,14.007],[0,0],[-22.091,0],[0,-22.091],[0,0],[18.502,-3.514]],"o":[[0,0],[0,-22.091],[22.091,0],[0,0],[0,19.525],[-2.432,0.462]],"v":[[-40,19.25],[-40,-35],[0,-75],[40,-35],[40,35],[7.509,74.296]]},"ix":2}},{"ty":"st","bm":0,"hd":false,"mn":"ADBE Vector Graphic - Stroke","nm":"Contour 1","lc":2,"lj":1,"ml":4,"o":{"a":0,"k":100,"ix":4},"w":{"a":0,"k":15,"ix":5},"c":{"a":0,"k":[0.9961,0.4,0.3529],"ix":3}},{"ty":"tr","a":{"a":0,"k":[0,0],"ix":1},"s":{"a":0,"k":[100,100],"ix":3},"sk":{"a":0,"k":0,"ix":4},"p":{"a":1,"k":[{"o":{"x":0.19,"y":0},"i":{"x":0.104,"y":1},"s":[0,-55],"t":11,"ti":[0,7.5],"to":[0,-7.5]},{"o":{"x":0.333,"y":0.333},"i":{"x":0.104,"y":0.104},"s":[0,-100],"t":34,"ti":[0,0],"to":[0,0]},{"o":{"x":0.896,"y":0},"i":{"x":0.81,"y":1},"s":[0,-100],"t":55,"ti":[0,-7.5],"to":[0,7.5]},{"s":[0,-55],"t":78}],"ix":2},"r":{"a":0,"k":0,"ix":6},"sa":{"a":0,"k":0,"ix":5},"o":{"a":0,"k":100,"ix":7}}]},{"ty":"gr","bm":0,"cl":"chain-bottom","hd":false,"mn":"ADBE Vector Group","nm":".chain-bottom","ix":2,"cix":2,"np":2,"it":[{"ty":"sh","bm":0,"hd":false,"mn":"ADBE Vector Shape - Group","nm":"Tracé 1","ix":1,"d":1,"ks":{"a":0,"k":{"c":false,"i":[[0,-22.091],[0,0],[22.091,0],[0,22.091],[0,0],[-18.251,3.712]],"o":[[0,0],[0,22.091],[-22.091,0],[0,0],[0,-19.346],[2.589,-0.527]],"v":[[40,-20],[40,35],[0,75],[-40,35],[-40,-35],[-8.015,-74.197]]},"ix":2}},{"ty":"st","bm":0,"hd":false,"mn":"ADBE Vector Graphic - Stroke","nm":"Contour 1","lc":2,"lj":1,"ml":4,"o":{"a":0,"k":100,"ix":4},"w":{"a":0,"k":15,"ix":5},"c":{"a":0,"k":[0.9961,0.4,0.3529],"ix":3}},{"ty":"tr","a":{"a":0,"k":[0,0],"ix":1},"s":{"a":0,"k":[100,100],"ix":3},"sk":{"a":0,"k":0,"ix":4},"p":{"a":1,"k":[{"o":{"x":0.19,"y":0},"i":{"x":0.104,"y":1},"s":[0,55],"t":11,"ti":[0,-7.5],"to":[0,7.5]},{"o":{"x":0.333,"y":0.333},"i":{"x":0.104,"y":0.104},"s":[0,100],"t":34,"ti":[0,0],"to":[0,0]},{"o":{"x":0.896,"y":0},"i":{"x":0.81,"y":1},"s":[0,100],"t":55,"ti":[0,7.5],"to":[0,-7.5]},{"s":[0,55],"t":78}],"ix":2},"r":{"a":0,"k":0,"ix":6},"sa":{"a":0,"k":0,"ix":5},"o":{"a":0,"k":100,"ix":7}}]}],"ind":2}],"v":"5.5.8","fr":25,"op":90,"ip":0,"assets":[]}