{"nm":"Timeline","ddd":0,"h":375,"w":375,"meta":{"d":"Timeline","g":"Flow1.10.0"},"layers":[{"ty":0,"nm":"unlocker-composition","sr":1,"st":0,"op":48.1,"ip":0,"hd":false,"ddd":0,"bm":0,"hasMask":false,"ao":0,"ks":{"a":{"a":0,"k":[0,0]},"s":{"a":0,"k":[100,100]},"sk":{"a":0,"k":0},"p":{"a":0,"k":[0,0]},"r":{"a":0,"k":0},"sa":{"a":0,"k":0},"o":{"a":1,"k":[{"o":{"x":0,"y":0},"i":{"x":1,"y":1},"s":[100],"t":0},{"o":{"x":0.42,"y":0},"i":{"x":0.58,"y":1},"s":[100],"t":33.6},{"s":[0],"t":47.1}]}},"ef":[],"w":375,"h":375,"refId":"comp_unlocker_6C979F8A-A537-467F-9F31-895295ADD6BF","ind":1},{"ty":0,"nm":"locked-padlock-maskComposition","sr":1,"st":0,"op":48.1,"ip":0,"hd":false,"ddd":0,"bm":0,"hasMask":false,"ao":0,"ks":{"a":{"a":0,"k":[0,0]},"s":{"a":0,"k":[100,100]},"sk":{"a":0,"k":0},"p":{"a":0,"k":[0,0]},"r":{"a":0,"k":0},"sa":{"a":0,"k":0},"o":{"a":0,"k":100}},"ef":[],"w":375,"h":375,"refId":"maskComp_locked-padlock_F3C162D1-CEB6-4F04-AEE7-A152458596C6","ind":2},{"ty":0,"nm":"ring-maskComposition","sr":1,"st":0,"op":48.1,"ip":0,"hd":false,"ddd":0,"bm":0,"hasMask":false,"ao":0,"ks":{"a":{"a":0,"k":[0,0]},"s":{"a":0,"k":[100,100]},"sk":{"a":0,"k":0},"p":{"a":0,"k":[0,0]},"r":{"a":0,"k":0},"sa":{"a":0,"k":0},"o":{"a":0,"k":100}},"ef":[],"w":375,"h":375,"refId":"maskComp_ring_995C9C4F-E21C-418C-93E3-90AB37175570","ind":3},{"ty":0,"nm":"backcircle-composition","sr":1,"st":0,"op":48.1,"ip":0,"hd":false,"ddd":0,"bm":0,"hasMask":false,"ao":0,"ks":{"a":{"a":0,"k":[0,0]},"s":{"a":0,"k":[100,100]},"sk":{"a":0,"k":0},"p":{"a":0,"k":[0,0]},"r":{"a":0,"k":0},"sa":{"a":0,"k":0},"o":{"a":1,"k":[{"o":{"x":0,"y":0},"i":{"x":1,"y":1},"s":[100],"t":0},{"o":{"x":0.42,"y":0},"i":{"x":0.58,"y":1},"s":[100],"t":33.6},{"s":[0],"t":47.1}]}},"ef":[],"w":375,"h":375,"refId":"comp_backcircle_92F3ACD7-46B9-4992-AE83-C7337FDE2CA8","ind":4},{"ty":4,"nm":"Scene-background","sr":1,"st":0,"op":48.1,"ip":0,"hd":false,"ddd":0,"bm":0,"hasMask":false,"ao":0,"ks":{"a":{"a":0,"k":[0,0]},"s":{"a":0,"k":[100,100]},"sk":{"a":0,"k":0},"p":{"a":0,"k":[0,0]},"r":{"a":0,"k":0},"sa":{"a":0,"k":0},"o":{"a":0,"k":100}},"ef":[],"shapes":[{"ty":"gr","bm":0,"hd":false,"nm":"Scene-background","cix":2,"np":3,"it":[{"ty":"rc","bm":0,"hd":false,"nm":"Scene-background","d":1,"p":{"a":0,"k":[187.5,187.5]},"r":{"a":0,"k":0},"s":{"a":0,"k":[375,375]}},{"ty":"fl","bm":0,"hd":false,"nm":"Fill1","c":{"a":0,"k":[1,1,1]},"r":1,"o":{"a":0,"k":0}},{"ty":"tr","a":{"a":0,"k":[0,0]},"s":{"a":0,"k":[100,100]},"sk":{"a":0,"k":0},"p":{"a":0,"k":[0,0]},"r":{"a":0,"k":0},"sa":{"a":0,"k":0},"o":{"a":0,"k":100}}]}],"ind":5}],"v":"5.6.4","fr":30,"op":48.1,"ip":0,"assets":[{"nm":"","id":"comp_backcircle_92F3ACD7-46B9-4992-AE83-C7337FDE2CA8","layers":[{"ty":3,"nm":"backcircle-null","sr":1,"st":0,"op":48.1,"ip":0,"hd":false,"ddd":0,"bm":0,"hasMask":false,"ao":0,"ks":{"a":{"a":1,"k":[{"o":{"x":0.42,"y":0},"i":{"x":0.58,"y":1},"s":[50,50,0],"t":0},{"o":{"x":0.42,"y":0},"i":{"x":0.58,"y":1},"s":[120.63,120.63,0],"t":33.6},{"s":[24.51,24.51,0],"t":47.1}]},"s":{"a":0,"k":[100,100]},"sk":{"a":0,"k":0},"p":{"s":true,"x":{"a":1,"k":[{"o":{"x":0.42,"y":0},"i":{"x":0.58,"y":1},"s":[187],"t":0},{"o":{"x":0.42,"y":0},"i":{"x":0.58,"y":1},"s":[186],"t":33.6},{"s":[186],"t":47.1}]},"y":{"a":1,"k":[{"o":{"x":0.42,"y":0},"i":{"x":0.58,"y":1},"s":[186],"t":0},{"o":{"x":0.42,"y":0},"i":{"x":0.58,"y":1},"s":[200],"t":18},{"o":{"x":0.42,"y":0},"i":{"x":0.58,"y":1},"s":[190],"t":33.6},{"s":[348],"t":47.1}]},"z":{"a":0,"k":0}},"r":{"a":0,"k":0},"sa":{"a":0,"k":0},"o":{"a":0,"k":100}},"ef":[],"ind":1},{"ty":4,"nm":"backcircle-content","sr":1,"st":0,"op":48.1,"ip":0,"hd":false,"ddd":0,"bm":0,"hasMask":false,"ao":0,"ks":{"a":{"a":0,"k":[0,0]},"s":{"a":0,"k":[100,100]},"sk":{"a":0,"k":0},"p":{"a":0,"k":[0,0]},"r":{"a":0,"k":0},"sa":{"a":0,"k":0},"o":{"a":0,"k":100}},"ef":[],"shapes":[{"ty":"gr","bm":0,"hd":false,"nm":"backcircle-content","cix":2,"np":3,"it":[{"ty":"sh","bm":0,"hd":false,"nm":"backcircle-path","d":1,"ks":{"a":1,"k":[{"o":{"x":0.42,"y":0},"i":{"x":0.58,"y":1},"s":[{"c":true,"i":[[-27.5,0],[0,27.5],[27.5,0],[0,-27.5]],"o":[[27.5,0],[0,-27.5],[-27.5,0],[0,27.5]],"v":[[50,100],[100,50],[50,0],[0,50]]}],"t":0},{"o":{"x":0.42,"y":0},"i":{"x":0.58,"y":1},"s":[{"c":true,"i":[[-66.34649999999999,0],[0,66.34649999999999],[66.34649999999999,0],[0,-66.34649999999999]],"o":[[66.34649999999999,0],[0,-66.34649999999999],[-66.34649999999999,0],[0,66.34649999999999]],"v":[[120.63,241.26],[241.26,120.63],[120.63,0],[0,120.63]]}],"t":33.6},{"s":[{"c":true,"i":[[-13.480500000000001,0],[0,13.480500000000003],[13.480500000000003,0],[0,-13.480500000000001]],"o":[[13.480500000000003,0],[0,-13.480500000000001],[-13.480500000000001,0],[0,13.480500000000003]],"v":[[24.51,49.02],[49.02,24.51],[24.51,0],[0,24.51]]}],"t":47.1}]}},{"ty":"fl","bm":0,"hd":false,"nm":"Fill1","c":{"a":1,"k":[{"o":{"x":0.42,"y":0},"i":{"x":0.58,"y":1},"s":[0.9098,0.9451,0.9725],"t":0},{"s":[0.8471,0.9137,0.9569],"t":47.1}]},"r":1,"o":{"a":1,"k":[{"o":{"x":0.42,"y":0},"i":{"x":0.58,"y":1},"s":[100],"t":0},{"s":[100],"t":47.1}]}},{"ty":"tr","a":{"a":0,"k":[0,0]},"s":{"a":0,"k":[100,100]},"sk":{"a":0,"k":0},"p":{"a":0,"k":[0,0]},"r":{"a":0,"k":0},"sa":{"a":0,"k":0},"o":{"a":0,"k":100}}]}],"ind":2,"parent":1}]},{"nm":"","id":"maskComp_ring_995C9C4F-E21C-418C-93E3-90AB37175570","layers":[{"ty":3,"nm":"ring-null","sr":1,"st":0,"op":48.1,"ip":0,"hd":false,"ddd":0,"bm":0,"hasMask":false,"ao":0,"ks":{"a":{"a":1,"k":[{"o":{"x":0.42,"y":0},"i":{"x":0.58,"y":1},"s":[39.245,39.245,0],"t":0},{"o":{"x":0.42,"y":0},"i":{"x":0.58,"y":1},"s":[105.41,105.41,0],"t":18},{"o":{"x":0.42,"y":0},"i":{"x":0.58,"y":1},"s":[100.015,100.015,0],"t":33.6},{"s":[18.845,18.845,0],"t":47.1}]},"s":{"a":0,"k":[100,100]},"sk":{"a":0,"k":0},"p":{"s":true,"x":{"a":1,"k":[{"o":{"x":0.42,"y":0},"i":{"x":0.58,"y":1},"s":[186.25],"t":0},{"o":{"x":0.42,"y":0},"i":{"x":0.58,"y":1},"s":[184],"t":18},{"o":{"x":0.42,"y":0},"i":{"x":0.58,"y":1},"s":[186],"t":33.6},{"s":[184.85],"t":47.1}]},"y":{"a":1,"k":[{"o":{"x":0.42,"y":0},"i":{"x":0.58,"y":1},"s":[186.25],"t":0},{"o":{"x":0.42,"y":0},"i":{"x":0.58,"y":1},"s":[197],"t":18},{"o":{"x":0.42,"y":0},"i":{"x":0.58,"y":1},"s":[191],"t":33.6},{"s":[346.85],"t":47.1}]},"z":{"a":0,"k":0}},"r":{"a":0,"k":0},"sa":{"a":0,"k":0},"o":{"a":0,"k":100}},"ef":[],"ind":1},{"ty":4,"nm":"ring-mask","sr":1,"st":0,"op":48.1,"ip":0,"hd":false,"ddd":0,"bm":0,"hasMask":false,"ao":0,"ks":{"a":{"a":0,"k":[0,0]},"s":{"a":0,"k":[100,100]},"sk":{"a":0,"k":0},"p":{"a":0,"k":[0,0]},"r":{"a":0,"k":0},"sa":{"a":0,"k":0},"o":{"a":0,"k":100}},"ef":[],"shapes":[{"ty":"gr","bm":0,"hd":false,"nm":"ring-mask","cix":2,"np":3,"it":[{"ty":"rc","bm":0,"hd":false,"nm":"ring-background","d":1,"p":{"a":1,"k":[{"o":{"x":0.42,"y":0},"i":{"x":0.58,"y":1},"s":[39.245,39.245],"t":0},{"o":{"x":0.42,"y":0},"i":{"x":0.58,"y":1},"s":[105.41,105.41],"t":18},{"o":{"x":0.42,"y":0},"i":{"x":0.58,"y":1},"s":[100.015,100.015],"t":33.6},{"s":[18.845,18.845],"t":47.1}]},"r":{"a":0,"k":0},"s":{"a":1,"k":[{"o":{"x":0.42,"y":0},"i":{"x":0.58,"y":1},"s":[78.49,78.49],"t":0},{"o":{"x":0.42,"y":0},"i":{"x":0.58,"y":1},"s":[210.82,210.82],"t":18},{"o":{"x":0.42,"y":0},"i":{"x":0.58,"y":1},"s":[200.03,200.03],"t":33.6},{"s":[37.69,37.69],"t":47.1}]}},{"ty":"fl","bm":0,"hd":false,"nm":"Fill1","c":{"a":0,"k":[0,0,0]},"r":1,"o":{"a":0,"k":0}},{"ty":"tr","a":{"a":0,"k":[0,0]},"s":{"a":0,"k":[100,100]},"sk":{"a":0,"k":0},"p":{"a":0,"k":[0,0]},"r":{"a":0,"k":0},"sa":{"a":0,"k":0},"o":{"a":0,"k":100}}]}],"ind":2,"parent":1},{"ty":0,"nm":"ring-composition","sr":1,"st":0,"op":48.1,"ip":0,"hd":false,"ddd":0,"bm":0,"hasMask":false,"ao":0,"ks":{"a":{"a":0,"k":[0,0]},"s":{"a":0,"k":[100,100]},"sk":{"a":0,"k":0},"p":{"a":0,"k":[0,0]},"r":{"a":0,"k":0},"sa":{"a":0,"k":0},"o":{"a":1,"k":[{"o":{"x":0,"y":0},"i":{"x":1,"y":1},"s":[100],"t":0},{"o":{"x":0.42,"y":0},"i":{"x":0.58,"y":1},"s":[100],"t":33.6},{"s":[0],"t":47.1}]}},"ef":[],"w":375,"h":375,"refId":"comp_ring_995C9C4F-E21C-418C-93E3-90AB37175570","ind":3}]},{"nm":"","id":"comp_ring_995C9C4F-E21C-418C-93E3-90AB37175570","layers":[{"ty":3,"nm":"ring-null","sr":1,"st":0,"op":48.1,"ip":0,"hd":false,"ddd":0,"bm":0,"hasMask":false,"ao":0,"ks":{"a":{"a":1,"k":[{"o":{"x":0.42,"y":0},"i":{"x":0.58,"y":1},"s":[39.245,39.245,0],"t":0},{"o":{"x":0.42,"y":0},"i":{"x":0.58,"y":1},"s":[105.41,105.41,0],"t":18},{"o":{"x":0.42,"y":0},"i":{"x":0.58,"y":1},"s":[100.015,100.015,0],"t":33.6},{"s":[18.845,18.845,0],"t":47.1}]},"s":{"a":0,"k":[100,100]},"sk":{"a":0,"k":0},"p":{"s":true,"x":{"a":1,"k":[{"o":{"x":0.42,"y":0},"i":{"x":0.58,"y":1},"s":[186.25],"t":0},{"o":{"x":0.42,"y":0},"i":{"x":0.58,"y":1},"s":[184],"t":18},{"o":{"x":0.42,"y":0},"i":{"x":0.58,"y":1},"s":[186],"t":33.6},{"s":[184.85],"t":47.1}]},"y":{"a":1,"k":[{"o":{"x":0.42,"y":0},"i":{"x":0.58,"y":1},"s":[186.25],"t":0},{"o":{"x":0.42,"y":0},"i":{"x":0.58,"y":1},"s":[197],"t":18},{"o":{"x":0.42,"y":0},"i":{"x":0.58,"y":1},"s":[191],"t":33.6},{"s":[346.85],"t":47.1}]},"z":{"a":0,"k":0}},"r":{"a":0,"k":0},"sa":{"a":0,"k":0},"o":{"a":0,"k":100}},"ef":[],"ind":1},{"ty":0,"nm":"ViewBox-maskComposition","sr":1,"st":0,"op":48.1,"ip":0,"hd":false,"ddd":0,"bm":0,"hasMask":false,"ao":0,"ks":{"a":{"a":0,"k":[0,0]},"s":{"a":0,"k":[100,100]},"sk":{"a":0,"k":0},"p":{"a":0,"k":[0,0]},"r":{"a":0,"k":0},"sa":{"a":0,"k":0},"o":{"a":0,"k":100}},"ef":[],"w":375,"h":375,"refId":"maskComp_ViewBox_D6977CAD-1D86-4BD5-9EAD-509FDCBE1486","ind":2}]},{"nm":"","id":"maskComp_locked-padlock_F3C162D1-CEB6-4F04-AEE7-A152458596C6","layers":[{"ty":3,"nm":"locked-padlock-null","sr":1,"st":0,"op":48.1,"ip":0,"hd":false,"ddd":0,"bm":0,"hasMask":false,"ao":0,"ks":{"a":{"a":1,"k":[{"o":{"x":0.42,"y":0},"i":{"x":0.58,"y":1},"s":[0,0,0],"t":0},{"o":{"x":0.42,"y":0},"i":{"x":0.58,"y":1},"s":[0,0,0],"t":18},{"o":{"x":0.42,"y":0},"i":{"x":0.58,"y":1},"s":[0,0,0],"t":33.6},{"s":[0,0,0],"t":47.1}]},"s":{"a":0,"k":[100,100]},"sk":{"a":0,"k":0},"p":{"s":true,"x":{"a":1,"k":[{"o":{"x":0.42,"y":0},"i":{"x":0.58,"y":1},"s":[171],"t":0},{"o":{"x":0.42,"y":0},"i":{"x":0.58,"y":1},"s":[140],"t":18},{"o":{"x":0.42,"y":0},"i":{"x":0.58,"y":1},"s":[144],"t":33.6},{"s":[178],"t":47.1}]},"y":{"a":1,"k":[{"o":{"x":0.42,"y":0},"i":{"x":0.58,"y":1},"s":[165],"t":0},{"o":{"x":0.42,"y":0},"i":{"x":0.58,"y":1},"s":[146],"t":18},{"o":{"x":0.42,"y":0},"i":{"x":0.58,"y":1},"s":[145],"t":33.6},{"s":[341],"t":47.1}]},"z":{"a":0,"k":0}},"r":{"a":0,"k":0},"sa":{"a":0,"k":0},"o":{"a":0,"k":100}},"ef":[],"ind":1},{"ty":4,"nm":"locked-padlock-mask","sr":1,"st":0,"op":48.1,"ip":0,"hd":false,"ddd":0,"bm":0,"hasMask":false,"ao":0,"ks":{"a":{"a":0,"k":[0,0]},"s":{"a":0,"k":[100,100]},"sk":{"a":0,"k":0},"p":{"a":0,"k":[0,0]},"r":{"a":0,"k":0},"sa":{"a":0,"k":0},"o":{"a":0,"k":100}},"ef":[],"shapes":[{"ty":"gr","bm":0,"hd":false,"nm":"locked-padlock-mask","cix":2,"np":3,"it":[{"ty":"rc","bm":0,"hd":false,"nm":"locked-padlock-background","d":1,"p":{"a":1,"k":[{"o":{"x":0.42,"y":0},"i":{"x":0.58,"y":1},"s":[15.305,20.085],"t":0},{"o":{"x":0.42,"y":0},"i":{"x":0.58,"y":1},"s":[45.085,59.17],"t":18},{"o":{"x":0.42,"y":0},"i":{"x":0.58,"y":1},"s":[43.595,57.21],"t":33.6},{"s":[6.075,7.97],"t":47.1}]},"r":{"a":0,"k":0},"s":{"a":1,"k":[{"o":{"x":0.42,"y":0},"i":{"x":0.58,"y":1},"s":[30.61,40.17],"t":0},{"o":{"x":0.42,"y":0},"i":{"x":0.58,"y":1},"s":[90.17,118.34],"t":18},{"o":{"x":0.42,"y":0},"i":{"x":0.58,"y":1},"s":[87.19,114.42],"t":33.6},{"s":[12.15,15.94],"t":47.1}]}},{"ty":"fl","bm":0,"hd":false,"nm":"Fill1","c":{"a":0,"k":[0,0,0]},"r":1,"o":{"a":0,"k":0}},{"ty":"tr","a":{"a":0,"k":[0,0]},"s":{"a":0,"k":[100,100]},"sk":{"a":0,"k":0},"p":{"a":0,"k":[0,0]},"r":{"a":0,"k":0},"sa":{"a":0,"k":0},"o":{"a":0,"k":100}}]}],"ind":2,"parent":1},{"ty":0,"nm":"locked-padlock-composition","sr":1,"st":0,"op":48.1,"ip":0,"hd":false,"ddd":0,"bm":0,"hasMask":false,"ao":0,"ks":{"a":{"a":0,"k":[0,0]},"s":{"a":0,"k":[100,100]},"sk":{"a":0,"k":0},"p":{"a":0,"k":[0,0]},"r":{"a":0,"k":0},"sa":{"a":0,"k":0},"o":{"a":1,"k":[{"o":{"x":0,"y":0},"i":{"x":1,"y":1},"s":[100],"t":0},{"o":{"x":0.42,"y":0},"i":{"x":0.58,"y":1},"s":[100],"t":33.6},{"s":[0],"t":47.1}]}},"ef":[],"w":375,"h":375,"refId":"comp_locked-padlock_F3C162D1-CEB6-4F04-AEE7-A152458596C6","ind":3}]},{"nm":"","id":"comp_locked-padlock_F3C162D1-CEB6-4F04-AEE7-A152458596C6","layers":[{"ty":3,"nm":"locked-padlock-null","sr":1,"st":0,"op":48.1,"ip":0,"hd":false,"ddd":0,"bm":0,"hasMask":false,"ao":0,"ks":{"a":{"a":1,"k":[{"o":{"x":0.42,"y":0},"i":{"x":0.58,"y":1},"s":[0,0,0],"t":0},{"o":{"x":0.42,"y":0},"i":{"x":0.58,"y":1},"s":[0,0,0],"t":18},{"o":{"x":0.42,"y":0},"i":{"x":0.58,"y":1},"s":[0,0,0],"t":33.6},{"s":[0,0,0],"t":47.1}]},"s":{"a":0,"k":[100,100]},"sk":{"a":0,"k":0},"p":{"s":true,"x":{"a":1,"k":[{"o":{"x":0.42,"y":0},"i":{"x":0.58,"y":1},"s":[171],"t":0},{"o":{"x":0.42,"y":0},"i":{"x":0.58,"y":1},"s":[140],"t":18},{"o":{"x":0.42,"y":0},"i":{"x":0.58,"y":1},"s":[144],"t":33.6},{"s":[178],"t":47.1}]},"y":{"a":1,"k":[{"o":{"x":0.42,"y":0},"i":{"x":0.58,"y":1},"s":[165],"t":0},{"o":{"x":0.42,"y":0},"i":{"x":0.58,"y":1},"s":[146],"t":18},{"o":{"x":0.42,"y":0},"i":{"x":0.58,"y":1},"s":[145],"t":33.6},{"s":[341],"t":47.1}]},"z":{"a":0,"k":0}},"r":{"a":0,"k":0},"sa":{"a":0,"k":0},"o":{"a":0,"k":100}},"ef":[],"ind":1},{"ty":0,"nm":"ViewBox-maskComposition","sr":1,"st":0,"op":48.1,"ip":0,"hd":false,"ddd":0,"bm":0,"hasMask":false,"ao":0,"ks":{"a":{"a":0,"k":[0,0]},"s":{"a":0,"k":[100,100]},"sk":{"a":0,"k":0},"p":{"a":0,"k":[0,0]},"r":{"a":0,"k":0},"sa":{"a":0,"k":0},"o":{"a":0,"k":100}},"ef":[],"w":375,"h":375,"refId":"maskComp_ViewBox_458A61E8-E770-446A-9145-4DD6DE7AC924","ind":2}]},{"nm":"","id":"comp_unlocker_6C979F8A-A537-467F-9F31-895295ADD6BF","layers":[{"ty":3,"nm":"unlocker-null","sr":1,"st":0,"op":48.1,"ip":0,"hd":false,"ddd":0,"bm":0,"hasMask":false,"ao":0,"ks":{"a":{"a":1,"k":[{"o":{"x":0,"y":0},"i":{"x":1,"y":1},"s":[6.87,0.025,0],"t":0},{"o":{"x":0.42,"y":0},"i":{"x":0.58,"y":1},"s":[6.87,0.025,0],"t":18},{"o":{"x":0.42,"y":0},"i":{"x":0.58,"y":1},"s":[6.0200000000000005,11.96,0],"t":33.6},{"s":[0.91,1.735,0],"t":47.1}]},"s":{"a":0,"k":[100,100]},"sk":{"a":0,"k":0},"p":{"s":true,"x":{"a":1,"k":[{"o":{"x":0,"y":0},"i":{"x":1,"y":1},"s":[162],"t":0},{"o":{"x":0.42,"y":0},"i":{"x":0.58,"y":1},"s":[162],"t":18},{"o":{"x":0.42,"y":0},"i":{"x":0.58,"y":1},"s":[165.59],"t":33.6},{"s":[182],"t":47.1}]},"y":{"a":1,"k":[{"o":{"x":0,"y":0},"i":{"x":1,"y":1},"s":[177],"t":0},{"o":{"x":0.42,"y":0},"i":{"x":0.58,"y":1},"s":[177],"t":18},{"o":{"x":0.42,"y":0},"i":{"x":0.58,"y":1},"s":[167.83],"t":33.6},{"s":[344],"t":47.1}]},"z":{"a":0,"k":0}},"r":{"a":0,"k":0},"sa":{"a":0,"k":0},"o":{"a":0,"k":100}},"ef":[],"ind":1},{"ty":4,"nm":"unlocker-content","sr":1,"st":0,"op":48.1,"ip":0,"hd":false,"ddd":0,"bm":0,"hasMask":false,"ao":0,"ks":{"a":{"a":0,"k":[0,0]},"s":{"a":0,"k":[100,100]},"sk":{"a":0,"k":0},"p":{"a":0,"k":[0,0]},"r":{"a":0,"k":0},"sa":{"a":0,"k":0},"o":{"a":0,"k":100}},"ef":[],"shapes":[{"ty":"gr","bm":0,"hd":false,"nm":"unlocker-content","cix":2,"np":3,"it":[{"ty":"sh","bm":0,"hd":false,"nm":"unlocker-path","d":1,"ks":{"a":1,"k":[{"o":{"x":0,"y":0},"i":{"x":1,"y":1},"s":[{"c":true,"i":[[0,0],[0,0],[0,0],[0,0]],"o":[[0,0],[0,0],[0,0],[0,0]],"v":[[0,0.05],[13.74,0.05],[13.74,0],[0,0]]}],"t":0},{"o":{"x":0.42,"y":0},"i":{"x":0.58,"y":1},"s":[{"c":true,"i":[[0,0],[0,0],[0,0],[0,0]],"o":[[0,0],[0,0],[0,0],[0,0]],"v":[[0,0.05],[13.74,0.05],[13.74,0],[0,0]]}],"t":18},{"o":{"x":0.42,"y":0},"i":{"x":0.58,"y":1},"s":[{"c":true,"i":[[0,0],[0,0],[0,0],[0,0]],"o":[[0,0],[0,0],[0,0],[0,0]],"v":[[0,23.92],[12.040000000000001,23.92],[12.040000000000001,0],[0,0]]}],"t":33.6},{"s":[{"c":true,"i":[[0,0],[0,0],[0,0],[0,0]],"o":[[0,0],[0,0],[0,0],[0,0]],"v":[[0,3.47],[1.82,3.47],[1.82,0],[0,0]]}],"t":47.1}]}},{"ty":"fl","bm":0,"hd":false,"nm":"Fill1","c":{"a":0,"k":[1,1,1]},"r":1,"o":{"a":0,"k":100}},{"ty":"tr","a":{"a":0,"k":[0,0]},"s":{"a":0,"k":[100,100]},"sk":{"a":0,"k":0},"p":{"a":0,"k":[0,0]},"r":{"a":0,"k":0},"sa":{"a":0,"k":0},"o":{"a":0,"k":100}}]}],"ind":2,"parent":1}]},{"nm":"","id":"maskComp_ViewBox_458A61E8-E770-446A-9145-4DD6DE7AC924","layers":[{"ty":3,"nm":"locked-padlock-null","sr":1,"st":0,"op":48.1,"ip":0,"hd":false,"ddd":0,"bm":0,"hasMask":false,"ao":0,"ks":{"a":{"a":1,"k":[{"o":{"x":0.42,"y":0},"i":{"x":0.58,"y":1},"s":[0,0,0],"t":0},{"o":{"x":0.42,"y":0},"i":{"x":0.58,"y":1},"s":[0,0,0],"t":18},{"o":{"x":0.42,"y":0},"i":{"x":0.58,"y":1},"s":[0,0,0],"t":33.6},{"s":[0,0,0],"t":47.1}]},"s":{"a":0,"k":[100,100]},"sk":{"a":0,"k":0},"p":{"s":true,"x":{"a":1,"k":[{"o":{"x":0.42,"y":0},"i":{"x":0.58,"y":1},"s":[171],"t":0},{"o":{"x":0.42,"y":0},"i":{"x":0.58,"y":1},"s":[140],"t":18},{"o":{"x":0.42,"y":0},"i":{"x":0.58,"y":1},"s":[144],"t":33.6},{"s":[178],"t":47.1}]},"y":{"a":1,"k":[{"o":{"x":0.42,"y":0},"i":{"x":0.58,"y":1},"s":[165],"t":0},{"o":{"x":0.42,"y":0},"i":{"x":0.58,"y":1},"s":[146],"t":18},{"o":{"x":0.42,"y":0},"i":{"x":0.58,"y":1},"s":[145],"t":33.6},{"s":[341],"t":47.1}]},"z":{"a":0,"k":0}},"r":{"a":0,"k":0},"sa":{"a":0,"k":0},"o":{"a":0,"k":100}},"ef":[],"ind":1},{"ty":3,"nm":"ViewBox-null","sr":1,"st":0,"op":48.1,"ip":0,"hd":false,"ddd":0,"bm":0,"hasMask":false,"ao":0,"ks":{"a":{"a":1,"k":[{"o":{"x":0.42,"y":0},"i":{"x":0.58,"y":1},"s":[0,0,0],"t":0},{"o":{"x":0.42,"y":0},"i":{"x":0.58,"y":1},"s":[0,0,0],"t":18},{"o":{"x":0.42,"y":0},"i":{"x":0.58,"y":1},"s":[0,0,0],"t":33.6},{"s":[0,0,0],"t":47.1}]},"s":{"a":0,"k":[100,100]},"sk":{"a":0,"k":0},"p":{"s":true,"x":{"a":0,"k":0},"y":{"a":0,"k":0},"z":{"a":0,"k":0}},"r":{"a":0,"k":0},"sa":{"a":0,"k":0},"o":{"a":0,"k":100}},"ef":[],"ind":2,"parent":1},{"ty":4,"nm":"ViewBox-mask","sr":1,"st":0,"op":48.1,"ip":0,"hd":false,"ddd":0,"bm":0,"hasMask":false,"ao":0,"ks":{"a":{"a":0,"k":[0,0]},"s":{"a":0,"k":[100,100]},"sk":{"a":0,"k":0},"p":{"a":0,"k":[0,0]},"r":{"a":0,"k":0},"sa":{"a":0,"k":0},"o":{"a":0,"k":100}},"ef":[],"shapes":[{"ty":"gr","bm":0,"hd":false,"nm":"ViewBox-mask","cix":2,"np":3,"it":[{"ty":"rc","bm":0,"hd":false,"nm":"ViewBox-background","d":1,"p":{"a":1,"k":[{"o":{"x":0.42,"y":0},"i":{"x":0.58,"y":1},"s":[15.305,20.085],"t":0},{"o":{"x":0.42,"y":0},"i":{"x":0.58,"y":1},"s":[45.085,59.17],"t":18},{"o":{"x":0.42,"y":0},"i":{"x":0.58,"y":1},"s":[43.595,57.21],"t":33.6},{"s":[6.075,7.97],"t":47.1}]},"r":{"a":0,"k":0},"s":{"a":1,"k":[{"o":{"x":0.42,"y":0},"i":{"x":0.58,"y":1},"s":[30.61,40.17],"t":0},{"o":{"x":0.42,"y":0},"i":{"x":0.58,"y":1},"s":[90.17,118.34],"t":18},{"o":{"x":0.42,"y":0},"i":{"x":0.58,"y":1},"s":[87.19,114.42],"t":33.6},{"s":[12.15,15.94],"t":47.1}]}},{"ty":"fl","bm":0,"hd":false,"nm":"Fill1","c":{"a":0,"k":[0,0,0]},"r":1,"o":{"a":0,"k":0}},{"ty":"tr","a":{"a":0,"k":[0,0]},"s":{"a":0,"k":[100,100]},"sk":{"a":0,"k":0},"p":{"a":0,"k":[0,0]},"r":{"a":0,"k":0},"sa":{"a":0,"k":0},"o":{"a":0,"k":100}}]}],"ind":3,"parent":2},{"ty":0,"nm":"ViewBox-composition","sr":1,"st":0,"op":48.1,"ip":0,"hd":false,"ddd":0,"bm":0,"hasMask":false,"ao":0,"ks":{"a":{"a":0,"k":[0,0]},"s":{"a":0,"k":[100,100]},"sk":{"a":0,"k":0},"p":{"a":0,"k":[0,0]},"r":{"a":0,"k":0},"sa":{"a":0,"k":0},"o":{"a":0,"k":100}},"ef":[],"w":375,"h":375,"refId":"comp_ViewBox_458A61E8-E770-446A-9145-4DD6DE7AC924","ind":4}]},{"nm":"","id":"comp_ViewBox_458A61E8-E770-446A-9145-4DD6DE7AC924","layers":[{"ty":3,"nm":"locked-padlock-null","sr":1,"st":0,"op":48.1,"ip":0,"hd":false,"ddd":0,"bm":0,"hasMask":false,"ao":0,"ks":{"a":{"a":1,"k":[{"o":{"x":0.42,"y":0},"i":{"x":0.58,"y":1},"s":[0,0,0],"t":0},{"o":{"x":0.42,"y":0},"i":{"x":0.58,"y":1},"s":[0,0,0],"t":18},{"o":{"x":0.42,"y":0},"i":{"x":0.58,"y":1},"s":[0,0,0],"t":33.6},{"s":[0,0,0],"t":47.1}]},"s":{"a":0,"k":[100,100]},"sk":{"a":0,"k":0},"p":{"s":true,"x":{"a":1,"k":[{"o":{"x":0.42,"y":0},"i":{"x":0.58,"y":1},"s":[171],"t":0},{"o":{"x":0.42,"y":0},"i":{"x":0.58,"y":1},"s":[140],"t":18},{"o":{"x":0.42,"y":0},"i":{"x":0.58,"y":1},"s":[144],"t":33.6},{"s":[178],"t":47.1}]},"y":{"a":1,"k":[{"o":{"x":0.42,"y":0},"i":{"x":0.58,"y":1},"s":[165],"t":0},{"o":{"x":0.42,"y":0},"i":{"x":0.58,"y":1},"s":[146],"t":18},{"o":{"x":0.42,"y":0},"i":{"x":0.58,"y":1},"s":[145],"t":33.6},{"s":[341],"t":47.1}]},"z":{"a":0,"k":0}},"r":{"a":0,"k":0},"sa":{"a":0,"k":0},"o":{"a":0,"k":100}},"ef":[],"ind":1},{"ty":3,"nm":"ViewBox-null","sr":1,"st":0,"op":48.1,"ip":0,"hd":false,"ddd":0,"bm":0,"hasMask":false,"ao":0,"ks":{"a":{"a":1,"k":[{"o":{"x":0.42,"y":0},"i":{"x":0.58,"y":1},"s":[0,0,0],"t":0},{"o":{"x":0.42,"y":0},"i":{"x":0.58,"y":1},"s":[0,0,0],"t":18},{"o":{"x":0.42,"y":0},"i":{"x":0.58,"y":1},"s":[0,0,0],"t":33.6},{"s":[0,0,0],"t":47.1}]},"s":{"a":0,"k":[100,100]},"sk":{"a":0,"k":0},"p":{"s":true,"x":{"a":0,"k":0},"y":{"a":0,"k":0},"z":{"a":0,"k":0}},"r":{"a":0,"k":0},"sa":{"a":0,"k":0},"o":{"a":0,"k":100}},"ef":[],"ind":2,"parent":1},{"ty":0,"nm":"Ellipse_325-composition","sr":1,"st":0,"op":48.1,"ip":0,"hd":false,"ddd":0,"bm":0,"hasMask":false,"ao":0,"ks":{"a":{"a":0,"k":[0,0]},"s":{"a":0,"k":[100,100]},"sk":{"a":0,"k":0},"p":{"a":0,"k":[0,0]},"r":{"a":0,"k":0},"sa":{"a":0,"k":0},"o":{"a":0,"k":100}},"ef":[],"w":375,"h":375,"refId":"comp_Ellipse_325_2AF96826-AD74-4B2E-A41B-16343966F5C5","ind":3},{"ty":0,"nm":"Rectangle_347-composition","sr":1,"st":0,"op":48.1,"ip":0,"hd":false,"ddd":0,"bm":0,"hasMask":false,"ao":0,"ks":{"a":{"a":0,"k":[0,0]},"s":{"a":0,"k":[100,100]},"sk":{"a":0,"k":0},"p":{"a":0,"k":[0,0]},"r":{"a":0,"k":0},"sa":{"a":0,"k":0},"o":{"a":0,"k":100}},"ef":[],"w":375,"h":375,"refId":"comp_Rectangle_347_147D980A-ED5F-41BC-9084-27E0702B844E","ind":4},{"ty":0,"nm":"Path_3-composition","sr":1,"st":0,"op":48.1,"ip":0,"hd":false,"ddd":0,"bm":0,"hasMask":false,"ao":0,"ks":{"a":{"a":0,"k":[0,0]},"s":{"a":0,"k":[100,100]},"sk":{"a":0,"k":0},"p":{"a":0,"k":[0,0]},"r":{"a":0,"k":0},"sa":{"a":0,"k":0},"o":{"a":0,"k":100}},"ef":[],"w":375,"h":375,"refId":"comp_Path_3_6B46D695-F503-4E83-97B1-9005FFE2A8A6","ind":5}]},{"nm":"","id":"comp_Path_3_6B46D695-F503-4E83-97B1-9005FFE2A8A6","layers":[{"ty":3,"nm":"locked-padlock-null","sr":1,"st":0,"op":48.1,"ip":0,"hd":false,"ddd":0,"bm":0,"hasMask":false,"ao":0,"ks":{"a":{"a":1,"k":[{"o":{"x":0.42,"y":0},"i":{"x":0.58,"y":1},"s":[0,0,0],"t":0},{"o":{"x":0.42,"y":0},"i":{"x":0.58,"y":1},"s":[0,0,0],"t":18},{"o":{"x":0.42,"y":0},"i":{"x":0.58,"y":1},"s":[0,0,0],"t":33.6},{"s":[0,0,0],"t":47.1}]},"s":{"a":0,"k":[100,100]},"sk":{"a":0,"k":0},"p":{"s":true,"x":{"a":1,"k":[{"o":{"x":0.42,"y":0},"i":{"x":0.58,"y":1},"s":[171],"t":0},{"o":{"x":0.42,"y":0},"i":{"x":0.58,"y":1},"s":[140],"t":18},{"o":{"x":0.42,"y":0},"i":{"x":0.58,"y":1},"s":[144],"t":33.6},{"s":[178],"t":47.1}]},"y":{"a":1,"k":[{"o":{"x":0.42,"y":0},"i":{"x":0.58,"y":1},"s":[165],"t":0},{"o":{"x":0.42,"y":0},"i":{"x":0.58,"y":1},"s":[146],"t":18},{"o":{"x":0.42,"y":0},"i":{"x":0.58,"y":1},"s":[145],"t":33.6},{"s":[341],"t":47.1}]},"z":{"a":0,"k":0}},"r":{"a":0,"k":0},"sa":{"a":0,"k":0},"o":{"a":0,"k":100}},"ef":[],"ind":1},{"ty":3,"nm":"ViewBox-null","sr":1,"st":0,"op":48.1,"ip":0,"hd":false,"ddd":0,"bm":0,"hasMask":false,"ao":0,"ks":{"a":{"a":1,"k":[{"o":{"x":0.42,"y":0},"i":{"x":0.58,"y":1},"s":[0,0,0],"t":0},{"o":{"x":0.42,"y":0},"i":{"x":0.58,"y":1},"s":[0,0,0],"t":18},{"o":{"x":0.42,"y":0},"i":{"x":0.58,"y":1},"s":[0,0,0],"t":33.6},{"s":[0,0,0],"t":47.1}]},"s":{"a":0,"k":[100,100]},"sk":{"a":0,"k":0},"p":{"s":true,"x":{"a":0,"k":0},"y":{"a":0,"k":0},"z":{"a":0,"k":0}},"r":{"a":0,"k":0},"sa":{"a":0,"k":0},"o":{"a":0,"k":100}},"ef":[],"ind":2,"parent":1},{"ty":3,"nm":"Path_3-null","sr":1,"st":0,"op":48.1,"ip":0,"hd":false,"ddd":0,"bm":0,"hasMask":false,"ao":0,"ks":{"a":{"a":1,"k":[{"o":{"x":0.42,"y":0},"i":{"x":0.58,"y":1},"s":[0,0,0],"t":0},{"o":{"x":0.42,"y":0},"i":{"x":0.58,"y":1},"s":[0,0,0],"t":18},{"o":{"x":0.42,"y":0},"i":{"x":0.58,"y":1},"s":[0,0,0],"t":33.6},{"s":[0,0,0],"t":47.1}]},"s":{"a":0,"k":[100,100]},"sk":{"a":0,"k":0},"p":{"s":true,"x":{"a":0,"k":0},"y":{"a":1,"k":[{"o":{"x":0.42,"y":0},"i":{"x":0.58,"y":1},"s":[0],"t":0},{"o":{"x":0.42,"y":0},"i":{"x":0.58,"y":1},"s":[-11.97],"t":18},{"o":{"x":0.42,"y":0},"i":{"x":0.58,"y":1},"s":[-14.620000000000001],"t":33.6},{"s":[-2.69],"t":47.1}]},"z":{"a":0,"k":0}},"r":{"a":0,"k":0},"sa":{"a":0,"k":0},"o":{"a":0,"k":100}},"ef":[],"ind":3,"parent":2},{"ty":4,"nm":"Path_3-content","sr":1,"st":0,"op":48.1,"ip":0,"hd":false,"ddd":0,"bm":0,"hasMask":false,"ao":0,"ks":{"a":{"a":0,"k":[0,0]},"s":{"a":0,"k":[100,100]},"sk":{"a":0,"k":0},"p":{"a":0,"k":[0,0]},"r":{"a":0,"k":0},"sa":{"a":0,"k":0},"o":{"a":0,"k":100}},"ef":[],"shapes":[{"ty":"gr","bm":0,"hd":false,"nm":"Path_3-content","cix":2,"np":3,"it":[{"ty":"sh","bm":0,"hd":false,"nm":"Path_3-path","d":1,"ks":{"a":1,"k":[{"o":{"x":0.42,"y":0},"i":{"x":0.58,"y":1},"s":[{"c":true,"i":[[0,0],[0,0],[0,0],[5.247747177800001,0],[0,-5.2470234765],[0,0],[0,0],[0.0063831033,-2.0960943003000025],[0,0],[-2.0963830907,-0.006382209599998134],[0,0],[-0.006383103299999249,2.096093898600003],[0,0],[2.0965523639999972,0.006383816399999631]],"o":[[0,0],[0,0],[0,-5.2470234765],[-5.247747177799999,0],[0,0],[0,0],[-2.0963830907,0.006382611300001173],[0,0],[0.0063831033,2.096093898600003],[0,0],[2.096383090699998,-0.006382209599998134],[0,0],[-0.006137917199996679,-2.096264219400002],[0,0]],"v":[[26.784143950700003,13.3899998661],[24.870765806,13.3899998661],[24.870765806,9.5646714228],[15.304775016499999,0],[5.738784227,9.5646714228],[5.738784227,13.3899998661],[3.8258560493,13.3899998661],[0,17.215328711100003],[0,36.3446715567],[3.8258560493,40.17],[26.784143950700003,40.17],[30.61,36.3446715567],[30.61,17.215778615100003],[26.784143950700003,13.3899998661]]}],"t":0},{"o":{"x":0.42,"y":0},"i":{"x":0.58,"y":1},"s":[{"c":true,"i":[[0,0],[0,0],[0,0],[15.458652826600009,0],[0,-14.723221397199998],[0,0],[0,0],[0.018803150100000002,-5.881669592999998],[0,0],[-6.1754610679,-0.017908392199998957],[0,0],[-0.018803150099998334,5.881669592999984],[0,0],[6.175959708000008,0.017913125799992713]],"o":[[0,0],[0,0],[0,-14.723221397199998],[-15.458652826599998,0],[0,0],[0,0],[-6.1754610679,0.017910758999995835],[0,0],[0.018803150100000002,5.881669592999984],[0,0],[6.175461067900002,-0.017908392199998957],[0,0],[-0.018080888399993,-5.882146503199998],[0,0]],"v":[[78.8999104879,43.194943764200005],[73.26353978200001,43.194943764200005],[73.26353978200001,26.8386019654],[45.0843372505,0],[16.905134719,26.8386019654],[16.905134719,43.194943764200005],[11.2700895121,43.194943764200005],[0,53.9288705084],[0,107.60607443920001],[11.2700895121,118.34],[78.8999104879,118.34],[90.17,107.60607443920001],[90.17,53.9301331962],[78.8999104879,43.194943764200005]]}],"t":18},{"o":{"x":0.42,"y":0},"i":{"x":0.58,"y":1},"s":[{"c":true,"i":[[0,0],[0,0],[0,0],[14.947764666200008,0],[0,-13.421352408199999],[0,0],[0,0],[0.0181817307,-5.361595729600005],[0,0],[-5.9713701953000005,-0.016324156199999607],[0,0],[-0.01818173069999318,5.361594549000003],[0,0],[5.971852355999999,0.0163300592000013]],"o":[[0,0],[0,0],[0,-13.421352408199999],[-14.947764666199994,0],[0,0],[0,0],[-5.9713701953000005,0.01632769799999778],[0,0],[0.0181817307,5.361594549000003],[0,0],[5.971370195299997,-0.016324156199999607],[0,0],[-0.01748333879999109,-5.362030190399999],[0,0]],"v":[[76.2923721353,49.559484170800005],[70.842276074,49.559484170800005],[70.842276074,24.46545574],[43.594359153499994,0],[16.346442233,24.46545574],[16.346442233,49.559484170800005],[10.8976278647,49.559484170800005],[0,59.34428634540001],[0,108.27519900600001],[10.8976278647,118.06],[76.2923721353,118.06],[87.19,108.27519900600001],[87.19,59.3454374304],[76.2923721353,49.559484170800005]]}],"t":33.6},{"s":[{"c":true,"i":[[0,0],[0,0],[0,0],[2.082983607000001,0],[0,-1.8986333158000002],[0,0],[0,0],[0.0025336395,-0.7584708027999998],[0,0],[-0.8321154704999999,-0.0023093369000015684],[0,0],[-0.002533639499999296,0.7584706304999997],[0,0],[0.8321826600000009,0.0023100260999999733]],"o":[[0,0],[0,0],[0,-1.8986333158000002],[-2.0829836069999996,0],[0,0],[0,0],[-0.8321154704999999,0.0023096814999998827],[0,0],[0.0025336395,0.7584706304999997],[0,0],[0.8321154704999998,-0.0023093369000015684],[0,0],[-0.0024363179999991047,-0.7585323139],[0,0]],"v":[[10.6314063705,7.539668635700001],[9.87193089,7.539668635700001],[9.87193089,3.4609721808000002],[6.0749106975,0],[2.2778905050000002,3.4609721808000002],[2.2778905050000002,7.539668635700001],[1.5185936295,7.539668635700001],[0,8.9238622232],[0,15.845806584800002],[1.5185936295,17.23],[10.6314063705,17.23],[12.15,15.845806584800002],[12.15,8.9240250467],[10.6314063705,7.539668635700001]]}],"t":47.1}]}},{"ty":"sh","bm":0,"hd":false,"nm":"Path_3-path","d":1,"ks":{"a":1,"k":[{"o":{"x":0.42,"y":0},"i":{"x":0.58,"y":1},"s":[{"c":true,"i":[[0,0],[0,0],[0,0],[-3.253514554699999,0.028339934999999983],[-0.028343635599998862,-3.253065418200001],[0.0003002840999997147,-0.034439347799999354]],"o":[[0,0],[0,0],[-0.028343941700001096,-3.2530658198999998],[3.253514248600002,-0.02833993499999954],[0.0003002840999997147,0.034439347799999354],[0,0]],"v":[[21.2357520871,13.3899998661],[9.374247912900001,13.3899998661],[9.374247912900001,9.5646714228],[15.253333074899999,3.5830772328],[21.2357520871,9.461351370900001],[21.2357520871,9.5646714228]]}],"t":0},{"o":{"x":0.42,"y":0},"i":{"x":0.58,"y":1},"s":[{"c":true,"i":[[0,0],[0,0],[0,0],[-9.584103475900001,0.07952211320000124],[-0.08349381320000049,-9.1281476162],[0.0008845676999982288,-0.09663762739999981]],"o":[[0,0],[0,0],[-0.08349471490000226,-9.128148799599998],[9.584102574200003,-0.07952211319999947],[0.0008845676999982288,0.09663762739999981],[0,0]],"v":[[62.555627758700005,43.194943764200005],[27.614372241300003,43.194943764200005],[27.614372241300003,26.8386019654],[44.9328011553,10.0541652166],[62.555627758700005,26.548684349600002],[62.555627758700005,32.461019386800004]]}],"t":18},{"o":{"x":0.42,"y":0},"i":{"x":0.58,"y":1},"s":[{"c":true,"i":[[0,0],[0,0],[0,0],[-9.267361451299998,0.0724912011999983],[-0.08073445240000154,-8.321010472000003],[0.0008553338999988114,-0.08809283019999725]],"o":[[0,0],[0,0],[-0.08073532430000085,-8.3210116526],[9.267360579400005,-0.07249002060000187],[0.0008553338999988114,0.08809283019999725],[0,0]],"v":[[60.4882464709,49.559484170800005],[26.701753529100003,49.559484170800005],[26.701753529100003,24.46545574],[43.447831127099995,9.165146555600002],[60.4882464709,24.201173707600002],[60.4882464709,39.7746843574]]}],"t":33.6},{"s":[{"c":true,"i":[[0,0],[0,0],[0,0],[-1.2914146304999994,0.010254779099999833],[-0.01125041400000093,-1.1771203461000002],[0.00011919149999961576,-0.012461942099999845]],"o":[[0,0],[0,0],[-0.01125053549999988,-1.1771205184000002],[1.2914145090000009,-0.010254779100000055],[0.00011919149999961576,0.012461942099999845],[0,0]],"v":[[8.4290881365,7.539668635700001],[3.7209118635000005,7.539668635700001],[3.7209118635000005,3.4609721808000002],[6.0544918935,1.2965349287],[8.4290881365,3.4235858376],[8.4290881365,6.1554753928000006]]}],"t":47.1}]}},{"ty":"fl","bm":0,"hd":false,"nm":"Fill1","c":{"a":1,"k":[{"o":{"x":0.42,"y":0},"i":{"x":0.58,"y":1},"s":[0.9961,0.4,0.3529],"t":0},{"s":[0.9961,0.4,0.3529],"t":47.1}]},"r":1,"o":{"a":1,"k":[{"o":{"x":0.42,"y":0},"i":{"x":0.58,"y":1},"s":[100],"t":0},{"s":[100],"t":47.1}]}},{"ty":"tr","a":{"a":0,"k":[0,0]},"s":{"a":0,"k":[100,100]},"sk":{"a":0,"k":0},"p":{"a":0,"k":[0,0]},"r":{"a":0,"k":0},"sa":{"a":0,"k":0},"o":{"a":0,"k":100}}]}],"ind":4,"parent":3}]},{"nm":"","id":"comp_Rectangle_347_147D980A-ED5F-41BC-9084-27E0702B844E","layers":[{"ty":3,"nm":"locked-padlock-null","sr":1,"st":0,"op":48.1,"ip":0,"hd":false,"ddd":0,"bm":0,"hasMask":false,"ao":0,"ks":{"a":{"a":1,"k":[{"o":{"x":0.42,"y":0},"i":{"x":0.58,"y":1},"s":[0,0,0],"t":0},{"o":{"x":0.42,"y":0},"i":{"x":0.58,"y":1},"s":[0,0,0],"t":18},{"o":{"x":0.42,"y":0},"i":{"x":0.58,"y":1},"s":[0,0,0],"t":33.6},{"s":[0,0,0],"t":47.1}]},"s":{"a":0,"k":[100,100]},"sk":{"a":0,"k":0},"p":{"s":true,"x":{"a":1,"k":[{"o":{"x":0.42,"y":0},"i":{"x":0.58,"y":1},"s":[171],"t":0},{"o":{"x":0.42,"y":0},"i":{"x":0.58,"y":1},"s":[140],"t":18},{"o":{"x":0.42,"y":0},"i":{"x":0.58,"y":1},"s":[144],"t":33.6},{"s":[178],"t":47.1}]},"y":{"a":1,"k":[{"o":{"x":0.42,"y":0},"i":{"x":0.58,"y":1},"s":[165],"t":0},{"o":{"x":0.42,"y":0},"i":{"x":0.58,"y":1},"s":[146],"t":18},{"o":{"x":0.42,"y":0},"i":{"x":0.58,"y":1},"s":[145],"t":33.6},{"s":[341],"t":47.1}]},"z":{"a":0,"k":0}},"r":{"a":0,"k":0},"sa":{"a":0,"k":0},"o":{"a":0,"k":100}},"ef":[],"ind":1},{"ty":3,"nm":"ViewBox-null","sr":1,"st":0,"op":48.1,"ip":0,"hd":false,"ddd":0,"bm":0,"hasMask":false,"ao":0,"ks":{"a":{"a":1,"k":[{"o":{"x":0.42,"y":0},"i":{"x":0.58,"y":1},"s":[0,0,0],"t":0},{"o":{"x":0.42,"y":0},"i":{"x":0.58,"y":1},"s":[0,0,0],"t":18},{"o":{"x":0.42,"y":0},"i":{"x":0.58,"y":1},"s":[0,0,0],"t":33.6},{"s":[0,0,0],"t":47.1}]},"s":{"a":0,"k":[100,100]},"sk":{"a":0,"k":0},"p":{"s":true,"x":{"a":0,"k":0},"y":{"a":0,"k":0},"z":{"a":0,"k":0}},"r":{"a":0,"k":0},"sa":{"a":0,"k":0},"o":{"a":0,"k":100}},"ef":[],"ind":2,"parent":1},{"ty":3,"nm":"Rectangle_347-null","sr":1,"st":0,"op":48.1,"ip":0,"hd":false,"ddd":0,"bm":0,"hasMask":false,"ao":0,"ks":{"a":{"a":1,"k":[{"o":{"x":0.42,"y":0},"i":{"x":0.58,"y":1},"s":[0.9,4.615,0],"t":0},{"o":{"x":0.42,"y":0},"i":{"x":0.58,"y":1},"s":[2.65,15.245000000000001,0],"t":18},{"o":{"x":0.42,"y":0},"i":{"x":0.58,"y":1},"s":[2.555,15.745000000000001,0],"t":33.6},{"s":[0.355,2.055,0],"t":47.1}]},"s":{"a":0,"k":[100,100]},"sk":{"a":0,"k":0},"p":{"s":true,"x":{"a":1,"k":[{"o":{"x":0.42,"y":0},"i":{"x":0.58,"y":1},"s":[15.44],"t":0},{"o":{"x":0.42,"y":0},"i":{"x":0.58,"y":1},"s":[44.97],"t":18},{"o":{"x":0.42,"y":0},"i":{"x":0.58,"y":1},"s":[43.12],"t":33.6},{"s":[5.93],"t":47.1}]},"y":{"a":1,"k":[{"o":{"x":0.42,"y":0},"i":{"x":0.58,"y":1},"s":[28],"t":0},{"o":{"x":0.42,"y":0},"i":{"x":0.58,"y":1},"s":[72.39],"t":18},{"o":{"x":0.42,"y":0},"i":{"x":0.58,"y":1},"s":[69.85000000000001],"t":33.6},{"s":[9.700000000000001],"t":47.1}]},"z":{"a":0,"k":0}},"r":{"a":1,"k":[{"o":{"x":0.42,"y":0},"i":{"x":0.58,"y":1},"s":[-90],"t":0},{"o":{"x":0.42,"y":0},"i":{"x":0.58,"y":1},"s":[-90.08000000000001],"t":18},{"o":{"x":0.42,"y":0},"i":{"x":0.58,"y":1},"s":[-180.53],"t":33.6},{"s":[-180],"t":47.1}]},"sa":{"a":0,"k":0},"o":{"a":0,"k":100}},"ef":[],"ind":3,"parent":2},{"ty":4,"nm":"Rectangle_347-content","sr":1,"st":0,"op":48.1,"ip":0,"hd":false,"ddd":0,"bm":0,"hasMask":false,"ao":0,"ks":{"a":{"a":0,"k":[0,0]},"s":{"a":0,"k":[100,100]},"sk":{"a":0,"k":0},"p":{"a":0,"k":[0,0]},"r":{"a":0,"k":0},"sa":{"a":0,"k":0},"o":{"a":0,"k":100}},"ef":[],"shapes":[{"ty":"gr","bm":0,"hd":false,"nm":"Rectangle_347-content","cix":2,"np":3,"it":[{"ty":"sh","bm":0,"hd":false,"nm":"Rectangle_347-path","d":1,"ks":{"a":1,"k":[{"o":{"x":0.42,"y":0},"i":{"x":0.58,"y":1},"s":[{"c":true,"i":[[0,0],[-0.4937253933193773,0],[0,0],[0,0.4937253933193766],[0,0],[0.49372539331937704,3.0231961129317154e-17],[0,0],[6.046392225863431e-17,-0.49372539331937704]],"o":[[-6.046392225863435e-17,0.4937253933193766],[0,0],[0.49372539331937715,0],[0,0],[0,-0.49372539331937704],[0,0],[-0.49372539331937704,-3.0231961129317154e-17],[0,0]],"v":[[0,8.330000000000002],[0.9,9.230000000000002],[0.9,9.230000000000002],[1.8000000000000003,8.330000000000002],[1.8000000000000003,0.9],[0.9000000000000001,0],[0.9,0],[0,0.8999999999999999]]}],"t":0},{"o":{"x":0.42,"y":0},"i":{"x":0.58,"y":1},"s":[{"c":true,"i":[[0,0],[-1.0971675407097268,0],[0,0],[0,1.0971675407097266],[0,0],[1.0971675407097266,6.718213584292702e-17],[0,0],[1.3436427168585403e-16,-1.0971675407097268]],"o":[[1.3436427168585403e-16,1.0971675407097266],[0,0],[1.0971675407097266,0],[0,0],[0,-1.0971675407097268],[0,0],[-1.0971675407097268,-6.718213584292702e-17],[0,0]],"v":[[0,28.490000000000002],[2,30.490000000000002],[3.3,30.490000000000002],[5.3,28.490000000000002],[5.3,2],[3.3,0],[2,0],[0,1.9999999999999998]]}],"t":18},{"o":{"x":0.42,"y":0},"i":{"x":0.58,"y":1},"s":[{"c":true,"i":[[0,0],[-1.0971675407097268,0],[0,0],[0,1.0971675407097266],[0,0],[1.0971675407097266,6.718213584292702e-17],[0,0],[1.3436427168585403e-16,-1.0971675407097268]],"o":[[1.3436427168585403e-16,1.0971675407097266],[0,0],[1.0971675407097266,0],[0,0],[0,-1.0971675407097268],[0,0],[-1.0971675407097268,-6.718213584292702e-17],[0,0]],"v":[[0,29.490000000000002],[2,31.490000000000002],[3.1100000000000003,31.490000000000002],[5.11,29.490000000000002],[5.11,2],[3.1100000000000003,0],[2,0],[0,1.9999999999999998]]}],"t":33.6},{"s":[{"c":true,"i":[[0,0],[-0.1947472384759765,0],[0,0],[0,0.1947472384759763],[0,0],[0.19474723847597653,1.1924829112119543e-17],[0,0],[2.3849658224239086e-17,-0.1947472384759765]],"o":[[2.3849658224239086e-17,0.1947472384759763],[0,0],[0.19474723847597653,0],[0,0],[0,-0.1947472384759765],[0,0],[-0.1947472384759765,-1.1924829112119543e-17],[0,0]],"v":[[0,3.755],[0.355,4.109999999999999],[0.355,4.109999999999999],[0.71,3.755],[0.71,0.355],[0.355,0],[0.355,0],[0,0.3549999999999999]]}],"t":47.1}]}},{"ty":"fl","bm":0,"hd":false,"nm":"Fill1","c":{"a":0,"k":[1,1,1]},"r":1,"o":{"a":0,"k":100}},{"ty":"tr","a":{"a":0,"k":[0,0]},"s":{"a":0,"k":[100,100]},"sk":{"a":0,"k":0},"p":{"a":0,"k":[0,0]},"r":{"a":0,"k":0},"sa":{"a":0,"k":0},"o":{"a":0,"k":100}}]}],"ind":4,"parent":3}]},{"nm":"","id":"comp_Ellipse_325_2AF96826-AD74-4B2E-A41B-16343966F5C5","layers":[{"ty":3,"nm":"locked-padlock-null","sr":1,"st":0,"op":48.1,"ip":0,"hd":false,"ddd":0,"bm":0,"hasMask":false,"ao":0,"ks":{"a":{"a":1,"k":[{"o":{"x":0.42,"y":0},"i":{"x":0.58,"y":1},"s":[0,0,0],"t":0},{"o":{"x":0.42,"y":0},"i":{"x":0.58,"y":1},"s":[0,0,0],"t":18},{"o":{"x":0.42,"y":0},"i":{"x":0.58,"y":1},"s":[0,0,0],"t":33.6},{"s":[0,0,0],"t":47.1}]},"s":{"a":0,"k":[100,100]},"sk":{"a":0,"k":0},"p":{"s":true,"x":{"a":1,"k":[{"o":{"x":0.42,"y":0},"i":{"x":0.58,"y":1},"s":[171],"t":0},{"o":{"x":0.42,"y":0},"i":{"x":0.58,"y":1},"s":[140],"t":18},{"o":{"x":0.42,"y":0},"i":{"x":0.58,"y":1},"s":[144],"t":33.6},{"s":[178],"t":47.1}]},"y":{"a":1,"k":[{"o":{"x":0.42,"y":0},"i":{"x":0.58,"y":1},"s":[165],"t":0},{"o":{"x":0.42,"y":0},"i":{"x":0.58,"y":1},"s":[146],"t":18},{"o":{"x":0.42,"y":0},"i":{"x":0.58,"y":1},"s":[145],"t":33.6},{"s":[341],"t":47.1}]},"z":{"a":0,"k":0}},"r":{"a":0,"k":0},"sa":{"a":0,"k":0},"o":{"a":0,"k":100}},"ef":[],"ind":1},{"ty":3,"nm":"ViewBox-null","sr":1,"st":0,"op":48.1,"ip":0,"hd":false,"ddd":0,"bm":0,"hasMask":false,"ao":0,"ks":{"a":{"a":1,"k":[{"o":{"x":0.42,"y":0},"i":{"x":0.58,"y":1},"s":[0,0,0],"t":0},{"o":{"x":0.42,"y":0},"i":{"x":0.58,"y":1},"s":[0,0,0],"t":18},{"o":{"x":0.42,"y":0},"i":{"x":0.58,"y":1},"s":[0,0,0],"t":33.6},{"s":[0,0,0],"t":47.1}]},"s":{"a":0,"k":[100,100]},"sk":{"a":0,"k":0},"p":{"s":true,"x":{"a":0,"k":0},"y":{"a":0,"k":0},"z":{"a":0,"k":0}},"r":{"a":0,"k":0},"sa":{"a":0,"k":0},"o":{"a":0,"k":100}},"ef":[],"ind":2,"parent":1},{"ty":3,"nm":"Ellipse_325-null","sr":1,"st":0,"op":48.1,"ip":0,"hd":false,"ddd":0,"bm":0,"hasMask":false,"ao":0,"ks":{"a":{"a":1,"k":[{"o":{"x":0.42,"y":0},"i":{"x":0.58,"y":1},"s":[0,0,0],"t":0},{"o":{"x":0.42,"y":0},"i":{"x":0.58,"y":1},"s":[0,0,0],"t":18},{"o":{"x":0.42,"y":0},"i":{"x":0.58,"y":1},"s":[0,0,0],"t":33.6},{"s":[0,0,0],"t":47.1}]},"s":{"a":0,"k":[100,100]},"sk":{"a":0,"k":0},"p":{"s":true,"x":{"a":1,"k":[{"o":{"x":0.42,"y":0},"i":{"x":0.58,"y":1},"s":[12.88],"t":0},{"o":{"x":0.42,"y":0},"i":{"x":0.58,"y":1},"s":[36.19],"t":18},{"o":{"x":0.42,"y":0},"i":{"x":0.58,"y":1},"s":[35],"t":33.6},{"s":[4.88],"t":47.1}]},"y":{"a":1,"k":[{"o":{"x":0.42,"y":0},"i":{"x":0.58,"y":1},"s":[30.42],"t":0},{"o":{"x":0.42,"y":0},"i":{"x":0.58,"y":1},"s":[80.07000000000001],"t":18},{"o":{"x":0.42,"y":0},"i":{"x":0.58,"y":1},"s":[77.4],"t":33.6},{"s":[10.78],"t":47.1}]},"z":{"a":0,"k":0}},"r":{"a":0,"k":-90},"sa":{"a":0,"k":0},"o":{"a":0,"k":100}},"ef":[],"ind":3,"parent":2},{"ty":4,"nm":"Ellipse_325-content","sr":1,"st":0,"op":48.1,"ip":0,"hd":false,"ddd":0,"bm":0,"hasMask":false,"ao":0,"ks":{"a":{"a":0,"k":[0,0]},"s":{"a":0,"k":[100,100]},"sk":{"a":0,"k":0},"p":{"a":0,"k":[0,0]},"r":{"a":0,"k":0},"sa":{"a":0,"k":0},"o":{"a":0,"k":100}},"ef":[],"shapes":[{"ty":"gr","bm":0,"hd":false,"nm":"Ellipse_325-content","cix":2,"np":3,"it":[{"ty":"sh","bm":0,"hd":false,"nm":"Ellipse_325-path","d":1,"ks":{"a":1,"k":[{"o":{"x":0.42,"y":0},"i":{"x":0.58,"y":1},"s":[{"c":true,"i":[[-1.485,0],[0,1.4850000000000003],[1.4850000000000003,0],[0,-1.485]],"o":[[1.4850000000000003,0],[0,-1.485],[-1.485,0],[0,1.4850000000000003]],"v":[[2.7,5.4],[5.4,2.7],[2.7,0],[0,2.7]]}],"t":0},{"o":{"x":0.42,"y":0},"i":{"x":0.58,"y":1},"s":[{"c":true,"i":[[-4.375249999999999,0],[0,4.3725],[4.375250000000001,0],[0,-4.3725000000000005]],"o":[[4.375250000000001,0],[0,-4.3725000000000005],[-4.375249999999999,0],[0,4.3725]],"v":[[7.955,15.9],[15.91,7.95],[7.955,0],[0,7.95]]}],"t":18},{"o":{"x":0.42,"y":0},"i":{"x":0.58,"y":1},"s":[{"c":true,"i":[[-4.22675,0],[0,4.411],[4.226750000000001,0],[0,-4.411]],"o":[[4.226750000000001,0],[0,-4.411],[-4.22675,0],[0,4.411]],"v":[[7.6850000000000005,16.04],[15.370000000000001,8.02],[7.6850000000000005,0],[0,8.02]]}],"t":33.6},{"s":[{"c":true,"i":[[-0.5885,0],[0,0.5885],[0.5885,0],[0,-0.5885]],"o":[[0.5885,0],[0,-0.5885],[-0.5885,0],[0,0.5885]],"v":[[1.07,2.14],[2.14,1.07],[1.07,0],[0,1.07]]}],"t":47.1}]}},{"ty":"fl","bm":0,"hd":false,"nm":"Fill1","c":{"a":0,"k":[1,1,1]},"r":1,"o":{"a":0,"k":100}},{"ty":"tr","a":{"a":0,"k":[0,0]},"s":{"a":0,"k":[100,100]},"sk":{"a":0,"k":0},"p":{"a":0,"k":[0,0]},"r":{"a":0,"k":0},"sa":{"a":0,"k":0},"o":{"a":0,"k":100}}]}],"ind":4,"parent":3}]},{"nm":"","id":"maskComp_ViewBox_D6977CAD-1D86-4BD5-9EAD-509FDCBE1486","layers":[{"ty":3,"nm":"ring-null","sr":1,"st":0,"op":48.1,"ip":0,"hd":false,"ddd":0,"bm":0,"hasMask":false,"ao":0,"ks":{"a":{"a":1,"k":[{"o":{"x":0.42,"y":0},"i":{"x":0.58,"y":1},"s":[39.245,39.245,0],"t":0},{"o":{"x":0.42,"y":0},"i":{"x":0.58,"y":1},"s":[105.41,105.41,0],"t":18},{"o":{"x":0.42,"y":0},"i":{"x":0.58,"y":1},"s":[100.015,100.015,0],"t":33.6},{"s":[18.845,18.845,0],"t":47.1}]},"s":{"a":0,"k":[100,100]},"sk":{"a":0,"k":0},"p":{"s":true,"x":{"a":1,"k":[{"o":{"x":0.42,"y":0},"i":{"x":0.58,"y":1},"s":[186.25],"t":0},{"o":{"x":0.42,"y":0},"i":{"x":0.58,"y":1},"s":[184],"t":18},{"o":{"x":0.42,"y":0},"i":{"x":0.58,"y":1},"s":[186],"t":33.6},{"s":[184.85],"t":47.1}]},"y":{"a":1,"k":[{"o":{"x":0.42,"y":0},"i":{"x":0.58,"y":1},"s":[186.25],"t":0},{"o":{"x":0.42,"y":0},"i":{"x":0.58,"y":1},"s":[197],"t":18},{"o":{"x":0.42,"y":0},"i":{"x":0.58,"y":1},"s":[191],"t":33.6},{"s":[346.85],"t":47.1}]},"z":{"a":0,"k":0}},"r":{"a":0,"k":0},"sa":{"a":0,"k":0},"o":{"a":0,"k":100}},"ef":[],"ind":1},{"ty":3,"nm":"ViewBox-null","sr":1,"st":0,"op":48.1,"ip":0,"hd":false,"ddd":0,"bm":0,"hasMask":false,"ao":0,"ks":{"a":{"a":1,"k":[{"o":{"x":0.42,"y":0},"i":{"x":0.58,"y":1},"s":[0,0,0],"t":0},{"o":{"x":0.42,"y":0},"i":{"x":0.58,"y":1},"s":[0,0,0],"t":18},{"o":{"x":0.42,"y":0},"i":{"x":0.58,"y":1},"s":[0,0,0],"t":33.6},{"s":[0,0,0],"t":47.1}]},"s":{"a":0,"k":[100,100]},"sk":{"a":0,"k":0},"p":{"s":true,"x":{"a":0,"k":0},"y":{"a":0,"k":0},"z":{"a":0,"k":0}},"r":{"a":0,"k":0},"sa":{"a":0,"k":0},"o":{"a":0,"k":100}},"ef":[],"ind":2,"parent":1},{"ty":4,"nm":"ViewBox-mask","sr":1,"st":0,"op":48.1,"ip":0,"hd":false,"ddd":0,"bm":0,"hasMask":false,"ao":0,"ks":{"a":{"a":0,"k":[0,0]},"s":{"a":0,"k":[100,100]},"sk":{"a":0,"k":0},"p":{"a":0,"k":[0,0]},"r":{"a":0,"k":0},"sa":{"a":0,"k":0},"o":{"a":0,"k":100}},"ef":[],"shapes":[{"ty":"gr","bm":0,"hd":false,"nm":"ViewBox-mask","cix":2,"np":3,"it":[{"ty":"rc","bm":0,"hd":false,"nm":"ViewBox-background","d":1,"p":{"a":1,"k":[{"o":{"x":0.42,"y":0},"i":{"x":0.58,"y":1},"s":[39.245,39.245],"t":0},{"o":{"x":0.42,"y":0},"i":{"x":0.58,"y":1},"s":[105.41,105.41],"t":18},{"o":{"x":0.42,"y":0},"i":{"x":0.58,"y":1},"s":[100.015,100.015],"t":33.6},{"s":[18.845,18.845],"t":47.1}]},"r":{"a":0,"k":0},"s":{"a":1,"k":[{"o":{"x":0.42,"y":0},"i":{"x":0.58,"y":1},"s":[78.49,78.49],"t":0},{"o":{"x":0.42,"y":0},"i":{"x":0.58,"y":1},"s":[210.82,210.82],"t":18},{"o":{"x":0.42,"y":0},"i":{"x":0.58,"y":1},"s":[200.03,200.03],"t":33.6},{"s":[37.69,37.69],"t":47.1}]}},{"ty":"fl","bm":0,"hd":false,"nm":"Fill1","c":{"a":0,"k":[0,0,0]},"r":1,"o":{"a":0,"k":0}},{"ty":"tr","a":{"a":0,"k":[0,0]},"s":{"a":0,"k":[100,100]},"sk":{"a":0,"k":0},"p":{"a":0,"k":[0,0]},"r":{"a":0,"k":0},"sa":{"a":0,"k":0},"o":{"a":0,"k":100}}]}],"ind":3,"parent":2},{"ty":0,"nm":"ViewBox-composition","sr":1,"st":0,"op":48.1,"ip":0,"hd":false,"ddd":0,"bm":0,"hasMask":false,"ao":0,"ks":{"a":{"a":0,"k":[0,0]},"s":{"a":0,"k":[100,100]},"sk":{"a":0,"k":0},"p":{"a":0,"k":[0,0]},"r":{"a":0,"k":0},"sa":{"a":0,"k":0},"o":{"a":0,"k":100}},"ef":[],"w":375,"h":375,"refId":"comp_ViewBox_D6977CAD-1D86-4BD5-9EAD-509FDCBE1486","ind":4}]},{"nm":"","id":"comp_ViewBox_D6977CAD-1D86-4BD5-9EAD-509FDCBE1486","layers":[{"ty":3,"nm":"ring-null","sr":1,"st":0,"op":48.1,"ip":0,"hd":false,"ddd":0,"bm":0,"hasMask":false,"ao":0,"ks":{"a":{"a":1,"k":[{"o":{"x":0.42,"y":0},"i":{"x":0.58,"y":1},"s":[39.245,39.245,0],"t":0},{"o":{"x":0.42,"y":0},"i":{"x":0.58,"y":1},"s":[105.41,105.41,0],"t":18},{"o":{"x":0.42,"y":0},"i":{"x":0.58,"y":1},"s":[100.015,100.015,0],"t":33.6},{"s":[18.845,18.845,0],"t":47.1}]},"s":{"a":0,"k":[100,100]},"sk":{"a":0,"k":0},"p":{"s":true,"x":{"a":1,"k":[{"o":{"x":0.42,"y":0},"i":{"x":0.58,"y":1},"s":[186.25],"t":0},{"o":{"x":0.42,"y":0},"i":{"x":0.58,"y":1},"s":[184],"t":18},{"o":{"x":0.42,"y":0},"i":{"x":0.58,"y":1},"s":[186],"t":33.6},{"s":[184.85],"t":47.1}]},"y":{"a":1,"k":[{"o":{"x":0.42,"y":0},"i":{"x":0.58,"y":1},"s":[186.25],"t":0},{"o":{"x":0.42,"y":0},"i":{"x":0.58,"y":1},"s":[197],"t":18},{"o":{"x":0.42,"y":0},"i":{"x":0.58,"y":1},"s":[191],"t":33.6},{"s":[346.85],"t":47.1}]},"z":{"a":0,"k":0}},"r":{"a":0,"k":0},"sa":{"a":0,"k":0},"o":{"a":0,"k":100}},"ef":[],"ind":1},{"ty":3,"nm":"ViewBox-null","sr":1,"st":0,"op":48.1,"ip":0,"hd":false,"ddd":0,"bm":0,"hasMask":false,"ao":0,"ks":{"a":{"a":1,"k":[{"o":{"x":0.42,"y":0},"i":{"x":0.58,"y":1},"s":[0,0,0],"t":0},{"o":{"x":0.42,"y":0},"i":{"x":0.58,"y":1},"s":[0,0,0],"t":18},{"o":{"x":0.42,"y":0},"i":{"x":0.58,"y":1},"s":[0,0,0],"t":33.6},{"s":[0,0,0],"t":47.1}]},"s":{"a":0,"k":[100,100]},"sk":{"a":0,"k":0},"p":{"s":true,"x":{"a":0,"k":0},"y":{"a":0,"k":0},"z":{"a":0,"k":0}},"r":{"a":0,"k":0},"sa":{"a":0,"k":0},"o":{"a":0,"k":100}},"ef":[],"ind":2,"parent":1},{"ty":0,"nm":"Circle-composition","sr":1,"st":0,"op":48.1,"ip":0,"hd":false,"ddd":0,"bm":0,"hasMask":false,"ao":0,"ks":{"a":{"a":0,"k":[0,0]},"s":{"a":0,"k":[100,100]},"sk":{"a":0,"k":0},"p":{"a":0,"k":[0,0]},"r":{"a":0,"k":0},"sa":{"a":0,"k":0},"o":{"a":0,"k":100}},"ef":[],"w":375,"h":375,"refId":"comp_Circle_E3BD9898-6DA3-4845-8940-989A551C1FED","ind":3},{"ty":0,"nm":"Circle-composition","sr":1,"st":0,"op":48.1,"ip":0,"hd":false,"ddd":0,"bm":0,"hasMask":false,"ao":0,"ks":{"a":{"a":0,"k":[0,0]},"s":{"a":0,"k":[100,100]},"sk":{"a":0,"k":0},"p":{"a":0,"k":[0,0]},"r":{"a":0,"k":0},"sa":{"a":0,"k":0},"o":{"a":0,"k":100}},"ef":[],"w":375,"h":375,"refId":"comp_Circle_1DC069E7-DE73-4C37-9332-C5275452CCE1","ind":4}]},{"nm":"","id":"comp_Circle_1DC069E7-DE73-4C37-9332-C5275452CCE1","layers":[{"ty":3,"nm":"ring-null","sr":1,"st":0,"op":48.1,"ip":0,"hd":false,"ddd":0,"bm":0,"hasMask":false,"ao":0,"ks":{"a":{"a":1,"k":[{"o":{"x":0.42,"y":0},"i":{"x":0.58,"y":1},"s":[39.245,39.245,0],"t":0},{"o":{"x":0.42,"y":0},"i":{"x":0.58,"y":1},"s":[105.41,105.41,0],"t":18},{"o":{"x":0.42,"y":0},"i":{"x":0.58,"y":1},"s":[100.015,100.015,0],"t":33.6},{"s":[18.845,18.845,0],"t":47.1}]},"s":{"a":0,"k":[100,100]},"sk":{"a":0,"k":0},"p":{"s":true,"x":{"a":1,"k":[{"o":{"x":0.42,"y":0},"i":{"x":0.58,"y":1},"s":[186.25],"t":0},{"o":{"x":0.42,"y":0},"i":{"x":0.58,"y":1},"s":[184],"t":18},{"o":{"x":0.42,"y":0},"i":{"x":0.58,"y":1},"s":[186],"t":33.6},{"s":[184.85],"t":47.1}]},"y":{"a":1,"k":[{"o":{"x":0.42,"y":0},"i":{"x":0.58,"y":1},"s":[186.25],"t":0},{"o":{"x":0.42,"y":0},"i":{"x":0.58,"y":1},"s":[197],"t":18},{"o":{"x":0.42,"y":0},"i":{"x":0.58,"y":1},"s":[191],"t":33.6},{"s":[346.85],"t":47.1}]},"z":{"a":0,"k":0}},"r":{"a":0,"k":0},"sa":{"a":0,"k":0},"o":{"a":0,"k":100}},"ef":[],"ind":1},{"ty":3,"nm":"ViewBox-null","sr":1,"st":0,"op":48.1,"ip":0,"hd":false,"ddd":0,"bm":0,"hasMask":false,"ao":0,"ks":{"a":{"a":1,"k":[{"o":{"x":0.42,"y":0},"i":{"x":0.58,"y":1},"s":[0,0,0],"t":0},{"o":{"x":0.42,"y":0},"i":{"x":0.58,"y":1},"s":[0,0,0],"t":18},{"o":{"x":0.42,"y":0},"i":{"x":0.58,"y":1},"s":[0,0,0],"t":33.6},{"s":[0,0,0],"t":47.1}]},"s":{"a":0,"k":[100,100]},"sk":{"a":0,"k":0},"p":{"s":true,"x":{"a":0,"k":0},"y":{"a":0,"k":0},"z":{"a":0,"k":0}},"r":{"a":0,"k":0},"sa":{"a":0,"k":0},"o":{"a":0,"k":100}},"ef":[],"ind":2,"parent":1},{"ty":3,"nm":"Circle-null","sr":1,"st":0,"op":48.1,"ip":0,"hd":false,"ddd":0,"bm":0,"hasMask":false,"ao":0,"ks":{"a":{"a":1,"k":[{"o":{"x":0.42,"y":0},"i":{"x":0.58,"y":1},"s":[0,0,0],"t":0},{"o":{"x":0.42,"y":0},"i":{"x":0.58,"y":1},"s":[0,0,0],"t":18},{"o":{"x":0.42,"y":0},"i":{"x":0.58,"y":1},"s":[0,0,0],"t":33.6},{"s":[0,0,0],"t":47.1}]},"s":{"a":0,"k":[100,100]},"sk":{"a":0,"k":0},"p":{"s":true,"x":{"a":0,"k":0},"y":{"a":0,"k":0},"z":{"a":0,"k":0}},"r":{"a":0,"k":0},"sa":{"a":0,"k":0},"o":{"a":0,"k":100}},"ef":[],"ind":3,"parent":2},{"ty":4,"nm":"Circle-content","sr":1,"st":0,"op":48.1,"ip":0,"hd":false,"ddd":0,"bm":0,"hasMask":false,"ao":0,"ks":{"a":{"a":0,"k":[0,0]},"s":{"a":0,"k":[100,100]},"sk":{"a":0,"k":0},"p":{"a":0,"k":[0,0]},"r":{"a":0,"k":0},"sa":{"a":0,"k":0},"o":{"a":0,"k":100}},"ef":[],"shapes":[{"ty":"gr","bm":0,"hd":false,"nm":"Circle-content","cix":2,"np":3,"it":[{"ty":"sh","bm":0,"hd":false,"nm":"Circle-path","d":1,"ks":{"a":1,"k":[{"o":{"x":0.42,"y":0},"i":{"x":0.58,"y":1},"s":[{"c":true,"i":[[-21.58475,0],[0,21.58475],[21.58475,0],[0,-21.58475]],"o":[[21.58475,0],[0,-21.58475],[-21.58475,0],[0,21.58475]],"v":[[39.245,78.49],[78.49,39.245],[39.245,0],[0,39.245]]}],"t":0},{"o":{"x":0.42,"y":0},"i":{"x":0.58,"y":1},"s":[{"c":true,"i":[[-57.9755,0],[0,57.97550000000001],[57.97550000000001,0],[0,-57.9755]],"o":[[57.97550000000001,0],[0,-57.9755],[-57.9755,0],[0,57.97550000000001]],"v":[[105.41,210.82],[210.82,105.41],[105.41,0],[0,105.41]]}],"t":18},{"o":{"x":0.42,"y":0},"i":{"x":0.58,"y":1},"s":[{"c":true,"i":[[-55.00825,0],[0,55.00825000000002],[55.00825000000002,0],[0,-55.00825]],"o":[[55.00825000000002,0],[0,-55.00825],[-55.00825,0],[0,55.00825000000002]],"v":[[100.015,200.03],[200.03,100.015],[100.015,0],[0,100.015]]}],"t":33.6},{"s":[{"c":true,"i":[[-10.364749999999999,0],[0,10.36475],[10.36475,0],[0,-10.364749999999999]],"o":[[10.36475,0],[0,-10.364749999999999],[-10.364749999999999,0],[0,10.36475]],"v":[[18.845,37.69],[37.69,18.845],[18.845,0],[0,18.845]]}],"t":47.1}]}},{"ty":"fl","bm":0,"hd":false,"nm":"Fill1","c":{"a":0,"k":[1,1,1]},"r":1,"o":{"a":0,"k":100}},{"ty":"tr","a":{"a":0,"k":[0,0]},"s":{"a":0,"k":[100,100]},"sk":{"a":0,"k":0},"p":{"a":0,"k":[0,0]},"r":{"a":0,"k":0},"sa":{"a":0,"k":0},"o":{"a":0,"k":100}}]}],"ind":4,"parent":3}]},{"nm":"","id":"comp_Circle_E3BD9898-6DA3-4845-8940-989A551C1FED","layers":[{"ty":3,"nm":"ring-null","sr":1,"st":0,"op":48.1,"ip":0,"hd":false,"ddd":0,"bm":0,"hasMask":false,"ao":0,"ks":{"a":{"a":1,"k":[{"o":{"x":0.42,"y":0},"i":{"x":0.58,"y":1},"s":[39.245,39.245,0],"t":0},{"o":{"x":0.42,"y":0},"i":{"x":0.58,"y":1},"s":[105.41,105.41,0],"t":18},{"o":{"x":0.42,"y":0},"i":{"x":0.58,"y":1},"s":[100.015,100.015,0],"t":33.6},{"s":[18.845,18.845,0],"t":47.1}]},"s":{"a":0,"k":[100,100]},"sk":{"a":0,"k":0},"p":{"s":true,"x":{"a":1,"k":[{"o":{"x":0.42,"y":0},"i":{"x":0.58,"y":1},"s":[186.25],"t":0},{"o":{"x":0.42,"y":0},"i":{"x":0.58,"y":1},"s":[184],"t":18},{"o":{"x":0.42,"y":0},"i":{"x":0.58,"y":1},"s":[186],"t":33.6},{"s":[184.85],"t":47.1}]},"y":{"a":1,"k":[{"o":{"x":0.42,"y":0},"i":{"x":0.58,"y":1},"s":[186.25],"t":0},{"o":{"x":0.42,"y":0},"i":{"x":0.58,"y":1},"s":[197],"t":18},{"o":{"x":0.42,"y":0},"i":{"x":0.58,"y":1},"s":[191],"t":33.6},{"s":[346.85],"t":47.1}]},"z":{"a":0,"k":0}},"r":{"a":0,"k":0},"sa":{"a":0,"k":0},"o":{"a":0,"k":100}},"ef":[],"ind":1},{"ty":3,"nm":"ViewBox-null","sr":1,"st":0,"op":48.1,"ip":0,"hd":false,"ddd":0,"bm":0,"hasMask":false,"ao":0,"ks":{"a":{"a":1,"k":[{"o":{"x":0.42,"y":0},"i":{"x":0.58,"y":1},"s":[0,0,0],"t":0},{"o":{"x":0.42,"y":0},"i":{"x":0.58,"y":1},"s":[0,0,0],"t":18},{"o":{"x":0.42,"y":0},"i":{"x":0.58,"y":1},"s":[0,0,0],"t":33.6},{"s":[0,0,0],"t":47.1}]},"s":{"a":0,"k":[100,100]},"sk":{"a":0,"k":0},"p":{"s":true,"x":{"a":0,"k":0},"y":{"a":0,"k":0},"z":{"a":0,"k":0}},"r":{"a":0,"k":0},"sa":{"a":0,"k":0},"o":{"a":0,"k":100}},"ef":[],"ind":2,"parent":1},{"ty":3,"nm":"Circle-null","sr":1,"st":0,"op":48.1,"ip":0,"hd":false,"ddd":0,"bm":0,"hasMask":false,"ao":0,"ks":{"a":{"a":1,"k":[{"o":{"x":0.42,"y":0},"i":{"x":0.58,"y":1},"s":[0,0,0],"t":0},{"o":{"x":0.42,"y":0},"i":{"x":0.58,"y":1},"s":[0,0,0],"t":18},{"o":{"x":0.42,"y":0},"i":{"x":0.58,"y":1},"s":[0,0,0],"t":33.6},{"s":[0,0,0],"t":47.1}]},"s":{"a":0,"k":[100,100]},"sk":{"a":0,"k":0},"p":{"s":true,"x":{"a":1,"k":[{"o":{"x":0.42,"y":0},"i":{"x":0.58,"y":1},"s":[0.59],"t":0},{"o":{"x":0.42,"y":0},"i":{"x":0.58,"y":1},"s":[1.58],"t":18},{"o":{"x":0.42,"y":0},"i":{"x":0.58,"y":1},"s":[1.52],"t":33.6},{"s":[0.29],"t":47.1}]},"y":{"a":1,"k":[{"o":{"x":0.42,"y":0},"i":{"x":0.58,"y":1},"s":[0.59],"t":0},{"o":{"x":0.42,"y":0},"i":{"x":0.58,"y":1},"s":[1.58],"t":18},{"o":{"x":0.42,"y":0},"i":{"x":0.58,"y":1},"s":[1.52],"t":33.6},{"s":[0.29],"t":47.1}]},"z":{"a":0,"k":0}},"r":{"a":0,"k":0},"sa":{"a":0,"k":0},"o":{"a":0,"k":100}},"ef":[],"ind":3,"parent":2},{"ty":4,"nm":"Circle-size","sr":1,"st":0,"op":48.1,"ip":0,"hd":false,"ddd":0,"bm":0,"hasMask":false,"ao":0,"ks":{"a":{"a":0,"k":[0,0]},"s":{"a":0,"k":[100,100]},"sk":{"a":0,"k":0},"p":{"a":0,"k":[0,0]},"r":{"a":0,"k":0},"sa":{"a":0,"k":0},"o":{"a":0,"k":100}},"ef":[],"shapes":[{"ty":"gr","bm":0,"hd":false,"nm":"Circle-size","cix":2,"np":3,"it":[{"ty":"rc","bm":0,"hd":false,"nm":"sizeElement","d":1,"p":{"a":0,"k":[187.5,187.5]},"r":{"a":0,"k":0},"s":{"a":0,"k":[375,375]}},{"ty":"fl","bm":0,"hd":false,"nm":"Fill1","c":{"a":0,"k":[0,0,0,0]},"r":1,"o":{"a":0,"k":0}},{"ty":"tr","a":{"a":0,"k":[0,0]},"s":{"a":0,"k":[100,100]},"sk":{"a":0,"k":0},"p":{"a":0,"k":[0,0]},"r":{"a":0,"k":0},"sa":{"a":0,"k":0},"o":{"a":0,"k":100}}]}],"ind":4},{"ty":4,"nm":"Circle-stroke","sr":1,"st":0,"op":48.1,"ip":0,"hd":false,"ddd":0,"bm":0,"hasMask":false,"ao":0,"ks":{"a":{"a":0,"k":[0,0]},"s":{"a":0,"k":[100,100]},"sk":{"a":0,"k":0},"p":{"a":0,"k":[0,0]},"r":{"a":0,"k":0},"sa":{"a":0,"k":0},"o":{"a":0,"k":100}},"ef":[],"shapes":[{"ty":"gr","bm":0,"hd":false,"nm":"Circle-stroke","cix":2,"np":3,"it":[{"ty":"sh","bm":0,"hd":false,"nm":"Circle-path","d":1,"ks":{"a":1,"k":[{"o":{"x":0.42,"y":0},"i":{"x":0.58,"y":1},"s":[{"c":true,"i":[[-21.26025,0],[0,21.26025],[21.26025,0],[0,-21.26025]],"o":[[21.26025,0],[0,-21.26025],[-21.26025,0],[0,21.26025]],"v":[[38.655,77.31],[77.31,38.655],[38.655,0],[0,38.655]]}],"t":0},{"o":{"x":0.42,"y":0},"i":{"x":0.58,"y":1},"s":[{"c":true,"i":[[-57.10375,0],[0,57.103750000000005],[57.103750000000005,0],[0,-57.10375]],"o":[[57.103750000000005,0],[0,-57.10375],[-57.10375,0],[0,57.103750000000005]],"v":[[103.825,207.65],[207.65,103.825],[103.825,0],[0,103.825]]}],"t":18},{"o":{"x":0.42,"y":0},"i":{"x":0.58,"y":1},"s":[{"c":true,"i":[[-54.186,0],[0,54.18599999999999],[54.18599999999999,0],[0,-54.186]],"o":[[54.18599999999999,0],[0,-54.186],[-54.186,0],[0,54.18599999999999]],"v":[[98.52,197.04],[197.04,98.52],[98.52,0],[0,98.52]]}],"t":33.6},{"s":[{"c":true,"i":[[-10.21075,0],[0,10.21075],[10.21075,0],[0,-10.21075]],"o":[[10.21075,0],[0,-10.21075],[-10.21075,0],[0,10.21075]],"v":[[18.565,37.13],[37.13,18.565],[18.565,0],[0,18.565]]}],"t":47.1}]}},{"ty":"st","bm":0,"hd":false,"nm":"Stroke1","lc":1,"lj":1,"ml":4,"o":{"a":0,"k":100},"w":{"a":0,"k":2},"d":[{"nm":"dash0","n":"d","v":{"a":0,"k":2}},{"nm":"offset","n":"o","v":{"a":0,"k":0}}],"c":{"a":0,"k":[0.9961,0.4,0.3529]}},{"ty":"tm","bm":0,"hd":false,"nm":"TrimPaths1","e":{"a":0,"k":100},"o":{"a":0,"k":0},"s":{"a":0,"k":0},"m":2},{"ty":"tr","a":{"a":0,"k":[0,0]},"s":{"a":0,"k":[100,100]},"sk":{"a":0,"k":0},"p":{"a":0,"k":[0,0]},"r":{"a":0,"k":0},"sa":{"a":0,"k":0},"o":{"a":0,"k":100}}]}],"ind":5,"parent":3},{"ty":4,"nm":"Circle-content","sr":1,"st":0,"op":48.1,"ip":0,"hd":false,"ddd":0,"bm":0,"hasMask":false,"ao":0,"ks":{"a":{"a":0,"k":[0,0]},"s":{"a":0,"k":[100,100]},"sk":{"a":0,"k":0},"p":{"a":0,"k":[0,0]},"r":{"a":0,"k":0},"sa":{"a":0,"k":0},"o":{"a":0,"k":100}},"ef":[],"shapes":[{"ty":"gr","bm":0,"hd":false,"nm":"Circle-content","cix":2,"np":3,"it":[{"ty":"sh","bm":0,"hd":false,"nm":"Circle-path","d":1,"ks":{"a":1,"k":[{"o":{"x":0.42,"y":0},"i":{"x":0.58,"y":1},"s":[{"c":true,"i":[[-21.26025,0],[0,21.26025],[21.26025,0],[0,-21.26025]],"o":[[21.26025,0],[0,-21.26025],[-21.26025,0],[0,21.26025]],"v":[[38.655,77.31],[77.31,38.655],[38.655,0],[0,38.655]]}],"t":0},{"o":{"x":0.42,"y":0},"i":{"x":0.58,"y":1},"s":[{"c":true,"i":[[-57.10375,0],[0,57.103750000000005],[57.103750000000005,0],[0,-57.10375]],"o":[[57.103750000000005,0],[0,-57.10375],[-57.10375,0],[0,57.103750000000005]],"v":[[103.825,207.65],[207.65,103.825],[103.825,0],[0,103.825]]}],"t":18},{"o":{"x":0.42,"y":0},"i":{"x":0.58,"y":1},"s":[{"c":true,"i":[[-54.186,0],[0,54.18599999999999],[54.18599999999999,0],[0,-54.186]],"o":[[54.18599999999999,0],[0,-54.186],[-54.186,0],[0,54.18599999999999]],"v":[[98.52,197.04],[197.04,98.52],[98.52,0],[0,98.52]]}],"t":33.6},{"s":[{"c":true,"i":[[-10.21075,0],[0,10.21075],[10.21075,0],[0,-10.21075]],"o":[[10.21075,0],[0,-10.21075],[-10.21075,0],[0,10.21075]],"v":[[18.565,37.13],[37.13,18.565],[18.565,0],[0,18.565]]}],"t":47.1}]}},{"ty":"fl","bm":0,"hd":false,"nm":"Fill1","c":{"a":0,"k":[0,0,0]},"r":1,"o":{"a":0,"k":0}},{"ty":"tr","a":{"a":0,"k":[0,0]},"s":{"a":0,"k":[100,100]},"sk":{"a":0,"k":0},"p":{"a":0,"k":[0,0]},"r":{"a":0,"k":0},"sa":{"a":0,"k":0},"o":{"a":0,"k":100}}]}],"ind":6,"parent":3}]}]}